{
  "group": {
    "name": "flow_battery_string",
    "type": "group",
    "label": "Flow Battery String Model",
    "points": [
      {
        "name": "ID",
        "type": "uint16",
        "size": 1,
        "mandatory": "M",
        "static": "S",
        "label": "Model ID",
        "desc": "Model identifier",
        "value": 807
      },
      {
        "name": "L",
        "type": "uint16",
        "size": 1,
        "mandatory": "M",
        "static": "S",
        "label": "Model Length",
        "desc": "Model length"
      },
      {
        "name": "Idx",
        "type": "uint16",
        "size": 1,
        "mandatory": "M",
        "label": "String Index",
        "desc": "Index of the string within the bank."
      },
      {
        "name": "NMod",
        "type": "uint16",
        "size": 1,
        "mandatory": "M",
        "label": "Module Count",
        "desc": "Number of modules in this string."
      },
      {
        "name": "NModCon",
        "type": "uint16",
        "size": 1,
        "mandatory": "M",
        "label": "Connected Module Count",
        "desc": "Number of electrically connected modules in this string."
      },
      {
        "name": "ModVMax",
        "type": "uint16",
        "size": 1,
        "sf": "ModV_SF",
        "units": "V",
        "mandatory": "M",
        "label": "Max Module Voltage",
        "desc": "Maximum voltage for all modules in the string."
      },
      {
        "name": "ModVMaxMod",
        "type": "uint16",
        "size": 1,
        "label": "Max Module Voltage Module",
        "desc": "Module with the maximum voltage."
      },
      {
        "name": "ModVMin",
        "type": "uint16",
        "size": 1,
        "sf": "ModV_SF",
        "units": "V",
        "mandatory": "M",
        "label": "Min Module Voltage",
        "desc": "Minimum voltage for all modules in the string."
      },
      {
        "name": "ModVMinMod",
        "type": "uint16",
        "size": 1,
        "label": "Min Module Voltage Module",
        "desc": "Module with the minimum voltage."
      },
      {
        "name": "ModVAvg",
        "type": "uint16",
        "size": 1,
        "sf": "ModV_SF",
        "units": "V",
        "mandatory": "M",
        "label": "Average Module Voltage",
        "desc": "Average voltage for all modules in the string."
      },
      {
        "name": "CellVMax",
        "type": "uint16",
        "size": 1,
        "sf": "CellV_SF",
        "units": "V",
        "label": "Max Cell Voltage",
        "desc": "Maximum voltage for all cells in the string."
      },
      {
        "name": "CellVMaxMod",
        "type": "uint16",
        "size": 1,
        "label": "Max Cell Voltage Module",
        "desc": "Module containing the cell with the maximum voltage."
      },
      {
        "name": "CellVMaxStk",
        "type": "uint16",
        "size": 1,
        "label": "Max Cell Voltage Stack",
        "desc": "Stack containing the cell with the maximum voltage."
      },
      {
        "name": "CellVMin",
        "type": "uint16",
        "size": 1,
        "sf": "CellV_SF",
        "units": "V",
        "label": "Min Cell Voltage",
        "desc": "Minimum voltage for all cells in the string."
      },
      {
        "name": "CellVMinMod",
        "type": "uint16",
        "size": 1,
        "label": "Min Cell Voltage Module",
        "desc": "Module containing the cell with the minimum voltage."
      },
      {
        "name": "CellVMinStk",
        "type": "uint16",
        "size": 1,
        "label": "Min Cell Voltage Stack",
        "desc": "Stack containing the cell with the minimum voltage."
      },
      {
        "name": "CellVAvg",
        "type": "uint16",
        "size": 1,
        "sf": "CellV_SF",
        "units": "V",
        "label": "Average Cell Voltage",
        "desc": "Average voltage for all cells in the string."
      },
      {
        "name": "TmpMax",
        "type": "int16",
        "size": 1,
        "sf": "Tmp_SF",
        "units": "C",
        "mandatory": "M",
        "label": "Max Temperature",
        "desc": "Maximum electrolyte temperature for all modules in the string."
      },
      {
        "name": "TmpMaxMod",
        "type": "uint16",
        "size": 1,
        "label": "Max Temperature Module",
        "desc": "Module with the maximum temperature."
      },
      {
        "name": "TmpMin",
        "type": "int16",
        "size": 1,
        "sf": "Tmp_SF",
        "units": "C",
        "mandatory": "M",
        "label": "Min Temperature",
        "desc": "Minimum electrolyte temperature for all modules in the string."
      },
      {
        "name": "TmpMinMod",
        "type": "uint16",
        "size": 1,
        "label": "Min Temperature Module",
        "desc": "Module with the minimum temperature."
      },
      {
        "name": "TmpAvg",
        "type": "int16",
        "size": 1,
        "sf": "Tmp_SF",
        "units": "C",
        "mandatory": "M",
        "label": "Average Temperature",
        "desc": "Average electrolyte temperature for all modules in the string."
      },
      {
        "name": "Evt1",
        "type": "bitfield32",
        "size": 2,
        "mandatory": "M",
        "label": "String Event 1",
        "desc": "Alarms, warnings and status values.  Bit flags.",
        "symbols": [
          {
            "name": "COMMUNICATION_ERROR",
            "value": 0
          },
          {
            "name": "OVER_TEMP_ALARM",
            "value": 1
          },
          {
            "name": "OVER_TEMP_WARNING",
            "value": 2
          },
          {
            "name": "UNDER_TEMP_ALARM",
            "value": 3
          },
          {
            "name": "UNDER_TEMP_WARNING",
            "value": 4
          },
          {
            "name": "OVER_CHARGE_CURRENT_ALARM",
            "value": 5
          },
          {
            "name": "OVER_CHARGE_CURRENT_WARNING",
            "value": 6
          },
          {
            "name": "OVER_DISCHARGE_CURRENT_ALARM",
            "value": 7
          },
          {
            "name": "OVER_DISCHARGE_CURRENT_WARNING",
            "value": 8
          },
          {
            "name": "OVER_VOLT_ALARM",
            "value": 9
          },
          {
            "name": "OVER_VOLT_WARNING",
            "value": 10
          },
          {
            "name": "UNDER_VOLT_ALARM",
            "value": 11
          },
          {
            "name": "UNDER_VOLT_WARNING",
            "value": 12
          },
          {
            "name": "UNDER_SOC_MIN_ALARM",
            "value": 13
          },
          {
            "name": "UNDER_SOC_MIN_WARNING",
            "value": 14
          },
          {
            "name": "OVER_SOC_MAX_ALARM",
            "value": 15
          },
          {
            "name": "OVER_SOC_MAX_WARNING",
            "value": 16
          },
          {
            "name": "VOLTAGE_IMBALANCE_WARNING",
            "value": 17
          },
          {
            "name": "RESERVED_1",
            "value": 18
          },
          {
            "name": "RESERVED_2",
            "value": 19
          },
          {
            "name": "CONTACTOR_ERROR",
            "value": 20
          },
          {
            "name": "FAN_ERROR",
            "value": 21
          },
          {
            "name": "GROUND_FAULT",
            "value": 22
          },
          {
            "name": "OPEN_DOOR_ERROR",
            "value": 23
          },
          {
            "name": "RESERVED_3",
            "value": 24
          },
          {
            "name": "OTHER_ALARM",
            "value": 25
          },
          {
            "name": "OTHER_WARNING",
            "value": 26
          },
          {
            "name": "FIRE_ALARM",
            "value": 27
          },
          {
            "name": "CONFIGURATION_ALARM",
            "value": 28
          },
          {
            "name": "CONFIGURATION_WARNING",
            "value": 29
          }
        ]
      },
      {
        "name": "Evt2",
        "type": "bitfield32",
        "size": 2,
        "mandatory": "M",
        "label": "String Event 2",
        "desc": "Alarms, warnings and status values.  Bit flags.",
        "symbols": [
          {
            "name": "LEAK_ALARM",
            "value": 0
          },
          {
            "name": "PUMP_ALARM",
            "value": 1
          },
          {
            "name": "HIGH_PRESSURE_ALARM",
            "value": 2
          },
          {
            "name": "HIGH_PRESSURE_WARNING",
            "value": 3
          },
          {
            "name": "LOW_FLOW_ALARM",
            "value": 4
          },
          {
            "name": "LOW_FLOW_WARNING",
            "value": 5
          }
        ]
      },
      {
        "name": "EvtVnd1",
        "type": "bitfield32",
        "size": 2,
        "mandatory": "M",
        "label": "Vendor Event Bitfield 1",
        "desc": "Vendor defined events."
      },
      {
        "name": "EvtVnd2",
        "type": "bitfield32",
        "size": 2,
        "mandatory": "M",
        "label": "Vendor Event Bitfield 2",
        "desc": "Vendor defined events."
      },
      {
        "name": "ModV_SF",
        "type": "sunssf",
        "size": 1,
        "mandatory": "M"
      },
      {
        "name": "CellV_SF",
        "type": "sunssf",
        "size": 1,
        "mandatory": "M",
        "desc": "Scale factor for voltage."
      },
      {
        "name": "Tmp_SF",
        "type": "sunssf",
        "size": 1,
        "mandatory": "M",
        "desc": "Scale factor for temperature."
      },
      {
        "name": "SoC_SF",
        "type": "sunssf",
        "size": 1,
        "mandatory": "M",
        "desc": "Scale factor for state of charge."
      },
      {
        "name": "OCV_SF",
        "type": "sunssf",
        "size": 1,
        "mandatory": "M",
        "desc": "Scale factor for open circuit voltage."
      },
      {
        "name": "Pad1",
        "type": "pad",
        "size": 1,
        "mandatory": "M",
        "label": "Pad",
        "desc": "Pad register."
      }
    ],
    "groups": [
      {
        "name": "module",
        "type": "group",
        "count": 0,
        "points": [
          {
            "name": "ModIdx",
            "type": "uint16",
            "size": 1,
            "mandatory": "M",
            "label": "Module Index",
            "desc": "Index of the module within the string."
          },
          {
            "name": "ModNStk",
            "type": "uint16",
            "size": 1,
            "mandatory": "M",
            "label": "Stack Count",
            "desc": "Number of stacks in this module."
          },
          {
            "name": "ModSt",
            "type": "bitfield32",
            "size": 2,
            "mandatory": "M",
            "label": "Module Status",
            "desc": "Current status of the module.",
            "symbols": [
              {
                "name": "MODULE_ENABLED",
                "value": 0
              },
              {
                "name": "CONTACTOR_STATUS",
                "value": 1
              }
            ]
          },
          {
            "name": "ModSoC",
            "type": "uint16",
            "size": 1,
            "sf": "SoC_SF",
            "units": "%",
            "mandatory": "M",
            "label": "Module State of Charge",
            "desc": "State of charge for this module."
          },
          {
            "name": "ModOCV",
            "type": "uint16",
            "size": 1,
            "sf": "OCV_SF",
            "units": "V",
            "mandatory": "M",
            "label": "Open Circuit Voltage",
            "desc": "Open circuit voltage for this module."
          },
          {
            "name": "ModV",
            "type": "uint16",
            "size": 1,
            "sf": "ModV_SF",
            "units": "V",
            "mandatory": "M",
            "label": "External Voltage",
            "desc": "External voltage fo this module."
          },
          {
            "name": "ModCellVMax",
            "type": "uint16",
            "size": 1,
            "sf": "CellV_SF",
            "units": "V",
            "label": "Maximum Cell Voltage",
            "desc": "Maximum voltage for all cells in this module."
          },
          {
            "name": "ModCellVMaxCell",
            "type": "uint16",
            "size": 1,
            "label": "Max Cell Voltage Cell",
            "desc": "Cell with the maximum cell voltage."
          },
          {
            "name": "ModCellVMin",
            "type": "uint16",
            "size": 1,
            "sf": "CellV_SF",
            "units": "V",
            "label": "Minimum Cell Voltage",
            "desc": "Minimum voltage for all cells in this module."
          },
          {
            "name": "ModCellVMinCell",
            "type": "uint16",
            "size": 1,
            "label": "Min Cell Voltage Cell",
            "desc": "Cell with the minimum cell voltage."
          },
          {
            "name": "ModCellVAvg",
            "type": "uint16",
            "size": 1,
            "sf": "CellV_SF",
            "units": "V",
            "label": "Average Cell Voltage",
            "desc": "Average voltage for all cells in this module."
          },
          {
            "name": "ModAnoTmp",
            "type": "uint16",
            "size": 1,
            "sf": "Tmp_SF",
            "units": "C",
            "label": "Anolyte Temperature"
          },
          {
            "name": "ModCatTmp",
            "type": "uint16",
            "size": 1,
            "sf": "Tmp_SF",
            "units": "C",
            "label": "Catholyte Temperature"
          },
          {
            "name": "ModConSt",
            "type": "bitfield32",
            "size": 2,
            "label": "Contactor Status",
            "symbols": [
              {
                "name": "CONTACTOR_0",
                "value": 0
              },
              {
                "name": "CONTACTOR_1",
                "value": 1
              },
              {
                "name": "CONTACTOR_2",
                "value": 2
              },
              {
                "name": "CONTACTOR_3",
                "value": 3
              },
              {
                "name": "CONTACTOR_4",
                "value": 4
              },
              {
                "name": "CONTACTOR_5",
                "value": 5
              },
              {
                "name": "CONTACTOR_6",
                "value": 6
              },
              {
                "name": "CONTACTOR_7",
                "value": 7
              },
              {
                "name": "CONTACTOR_8",
                "value": 8
              },
              {
                "name": "CONTACTOR_9",
                "value": 9
              },
              {
                "name": "CONTACTOR_10",
                "value": 10
              },
              {
                "name": "CONTACTOR_11",
                "value": 11
              },
              {
                "name": "CONTACTOR_12",
                "value": 12
              },
              {
                "name": "CONTACTOR_13",
                "value": 13
              },
              {
                "name": "CONTACTOR_14",
                "value": 14
              },
              {
                "name": "CONTACTOR_15",
                "value": 15
              },
              {
                "name": "CONTACTOR_16",
                "value": 16
              },
              {
                "name": "CONTACTOR_17",
                "value": 17
              },
              {
                "name": "CONTACTOR_18",
                "value": 18
              },
              {
                "name": "CONTACTOR_19",
                "value": 19
              },
              {
                "name": "CONTACTOR_20",
                "value": 20
              },
              {
                "name": "CONTACTOR_21",
                "value": 21
              },
              {
                "name": "CONTACTOR_22",
                "value": 22
              },
              {
                "name": "CONTACTOR_23",
                "value": 23
              },
              {
                "name": "CONTACTOR_24",
                "value": 24
              },
              {
                "name": "CONTACTOR_25",
                "value": 25
              },
              {
                "name": "CONTACTOR_26",
                "value": 26
              },
              {
                "name": "CONTACTOR_27",
                "value": 27
              },
              {
                "name": "CONTACTOR_28",
                "value": 28
              },
              {
                "name": "CONTACTOR_29",
                "value": 29
              },
              {
                "name": "CONTACTOR_30",
                "value": 30
              }
            ]
          },
          {
            "name": "ModEvt1",
            "type": "bitfield32",
            "size": 2,
            "mandatory": "M",
            "label": "Module Event 1",
            "desc": "Alarms, warnings and status values.  Bit flags.",
            "symbols": [
              {
                "name": "COMMUNICATION_ERROR",
                "value": 0
              },
              {
                "name": "OVER_TEMP_ALARM",
                "value": 1
              },
              {
                "name": "OVER_TEMP_WARNING",
                "value": 2
              },
              {
                "name": "UNDER_TEMP_ALARM",
                "value": 3
              },
              {
                "name": "UNDER_TEMP_WARNING",
                "value": 4
              },
              {
                "name": "OVER_CHARGE_CURRENT_ALARM",
                "value": 5
              },
              {
                "name": "OVER_CHARGE_CURRENT_WARNING",
                "value": 6
              },
              {
                "name": "OVER_DISCHARGE_CURRENT_ALARM",
                "value": 7
              },
              {
                "name": "OVER_DISCHARGE_CURRENT_WARNING",
                "value": 8
              },
              {
                "name": "OVER_VOLT_ALARM",
                "value": 9
              },
              {
                "name": "OVER_VOLT_WARNING",
                "value": 10
              },
              {
                "name": "UNDER_VOLT_ALARM",
                "value": 11
              },
              {
                "name": "UNDER_VOLT_WARNING",
                "value": 12
              },
              {
                "name": "UNDER_SOC_MIN_ALARM",
                "value": 13
              },
              {
                "name": "UNDER_SOC_MIN_WARNING",
                "value": 14
              },
              {
                "name": "OVER_SOC_MAX_ALARM",
                "value": 15
              },
              {
                "name": "OVER_SOC_MAX_WARNING",
                "value": 16
              },
              {
                "name": "VOLTAGE_IMBALANCE_WARNING",
                "value": 17
              },
              {
                "name": "RESERVED_1",
                "value": 18
              },
              {
                "name": "RESERVED_2",
                "value": 19
              },
              {
                "name": "CONTACTOR_ERROR",
                "value": 20
              },
              {
                "name": "FAN_ERROR",
                "value": 21
              },
              {
                "name": "GROUND_FAULT",
                "value": 22
              },
              {
                "name": "OPEN_DOOR_ERROR",
                "value": 23
              },
              {
                "name": "RESERVED_3",
                "value": 24
              },
              {
                "name": "RESERVED_4",
                "value": 25
              },
              {
                "name": "RESERVED_5",
                "value": 26
              },
              {
                "name": "FIRE_ALARM",
                "value": 27
              },
              {
                "name": "MODULE_CONFIGURATION_ALARM",
                "value": 28
              },
              {
                "name": "MODULE_CONFIGURATION_WARNING",
                "value": 29
              }
            ]
          },
          {
            "name": "ModEvt2",
            "type": "bitfield32",
            "size": 2,
            "mandatory": "M",
            "label": "Module Event 2",
            "desc": "Alarms, warnings and status values.  Bit flags.",
            "symbols": [
              {
                "name": "LEAK_ALARM",
                "value": 0
              },
              {
                "name": "PUMP_ALARM",
                "value": 1
              },
              {
                "name": "HIGH_PRESSURE_ALARM",
                "value": 2
              },
              {
                "name": "HIGH_PRESSURE_WARNING",
                "value": 3
              },
              {
                "name": "LOW_FLOW_ALARM",
                "value": 4
              },
              {
                "name": "LOW_FLOW_WARNING",
                "value": 5
              }
            ]
          },
          {
            "name": "ModConFail",
            "type": "enum16",
            "size": 1,
            "label": "Connection Failure Reason",
            "symbols": [
              {
                "name": "NO_FAILURE",
                "value": 0
              },
              {
                "name": "BUTTON_PUSHED",
                "value": 1
              },
              {
                "name": "MODULE_GROUND_FAULT",
                "value": 2
              },
              {
                "name": "OUTSIDE_VOLTAGE_RANGE",
                "value": 3
              },
              {
                "name": "MODULE_NOT_ENABLED",
                "value": 4
              },
              {
                "name": "FUSE_OPEN",
                "value": 5
              },
              {
                "name": "CONTACTOR_FAILURE",
                "value": 6
              },
              {
                "name": "PRECHARGE_FAILURE",
                "value": 7
              },
              {
                "name": "MODULE_FAULT",
                "value": 8
              }
            ]
          },
          {
            "name": "ModSetEna",
            "type": "enum16",
            "size": 1,
            "access": "RW",
            "label": "Enable/Disable Module",
            "desc": "Enables and disables the module.",
            "symbols": [
              {
                "name": "ENABLE_MODULE",
                "value": 1
              },
              {
                "name": "DISABLE_MODULE",
                "value": 2
              }
            ]
          },
          {
            "name": "ModSetCon",
            "type": "enum16",
            "size": 1,
            "access": "RW",
            "label": "Connect/Disconnect Module ",
            "desc": "Connects and disconnects the module.",
            "symbols": [
              {
                "name": "CONNECT_MODULE",
                "value": 1
              },
              {
                "name": "DISCONNECT_MODULE",
                "value": 2
              }
            ]
          },
          {
            "name": "ModDisRsn",
            "type": "enum16",
            "size": 1,
            "label": "Disabled Reason",
            "desc": "Reason why the module is currently disabled.",
            "symbols": [
              {
                "name": "NONE",
                "value": 0
              },
              {
                "name": "FAULT",
                "value": 1
              },
              {
                "name": "MAINTENANCE",
                "value": 2
              },
              {
                "name": "EXTERNAL",
                "value": 3
              },
              {
                "name": "OTHER",
                "value": 4
              }
            ]
          }
        ]
      }
    ]
  },
  "id": 807
}