{
  "group": {
    "name": "model_17",
    "type": "group",
    "label": "Serial Interface",
    "desc": "Include this model for serial interface configuration support",
    "points": [
      {
        "name": "ID",
        "type": "uint16",
        "size": 1,
        "mandatory": "M",
        "static": "S",
        "label": "Model ID",
        "desc": "Model identifier",
        "value": 17
      },
      {
        "name": "L",
        "type": "uint16",
        "size": 1,
        "mandatory": "M",
        "static": "S",
        "label": "Model Length",
        "desc": "Model length"
      },
      {
        "name": "Nam",
        "type": "string",
        "size": 4,
        "access": "RW",
        "label": "Name",
        "desc": "Interface name (8 chars)"
      },
      {
        "name": "Rte",
        "type": "uint32",
        "size": 2,
        "units": "bps",
        "access": "RW",
        "mandatory": "M",
        "label": "Rate",
        "desc": "Interface baud rate in bits per second"
      },
      {
        "name": "Bits",
        "type": "uint16",
        "size": 1,
        "access": "RW",
        "mandatory": "M",
        "label": "Bits",
        "desc": "Number of data bits per character"
      },
      {
        "name": "Pty",
        "type": "enum16",
        "size": 1,
        "access": "RW",
        "mandatory": "M",
        "label": "Parity",
        "desc": "Bitmask value.  Parity setting",
        "symbols": [
          {
            "name": "NONE",
            "value": 0,
            "label": "none",
            "desc": "No Parity"
          },
          {
            "name": "ODD",
            "value": 1,
            "label": "odd",
            "desc": "Odd Parity"
          },
          {
            "name": "EVEN",
            "value": 2,
            "label": "even",
            "desc": "Even Parity"
          }
        ]
      },
      {
        "name": "Dup",
        "type": "enum16",
        "size": 1,
        "access": "RW",
        "label": "Duplex",
        "desc": "Enumerated value.  Duplex mode",
        "symbols": [
          {
            "name": "FULL",
            "value": 0,
            "label": "full",
            "desc": "Full Duplex"
          },
          {
            "name": "HALF",
            "value": 1,
            "label": "half",
            "desc": "Half Duplex"
          }
        ]
      },
      {
        "name": "Flw",
        "type": "enum16",
        "size": 1,
        "access": "RW",
        "label": "Flow Control",
        "desc": "Flow Control Method",
        "symbols": [
          {
            "name": "NONE",
            "value": 0,
            "label": "none",
            "desc": "No flow control"
          },
          {
            "name": "HW",
            "value": 1,
            "label": "hardware",
            "desc": "Hardware flow control"
          },
          {
            "name": "XONXOFF",
            "value": 2,
            "label": "software",
            "desc": "Soft (XON/XOFF) flow control"
          }
        ]
      },
      {
        "name": "Typ",
        "type": "enum16",
        "size": 1,
        "label": "Interface Type",
        "desc": "Enumerated value.  Interface type",
        "symbols": [
          {
            "name": "UNKNOWN",
            "value": 0,
            "label": "unknown",
            "desc": "Unknown interface type"
          },
          {
            "name": "RS232",
            "value": 1,
            "label": "RS232",
            "desc": "RS232 interface type"
          },
          {
            "name": "RS485",
            "value": 2,
            "label": "RS485",
            "desc": "RS485 interface type"
          }
        ]
      },
      {
        "name": "Pcol",
        "type": "enum16",
        "size": 1,
        "label": "Protocol",
        "desc": "Enumerated value. Serial protocol selection",
        "symbols": [
          {
            "name": "UNKNOWN",
            "value": 0,
            "label": "unknown",
            "desc": "Unknown protocol"
          },
          {
            "name": "MODBUS",
            "value": 1,
            "label": "Modbus",
            "desc": "Modbus protocol"
          },
          {
            "name": "VENDOR",
            "value": 2,
            "label": "vendor specific"
          }
        ]
      }
    ]
  },
  "id": 17
}