{
  "group": {
    "name": "Power_Prioritization_Basic_Diagnostics",
    "type": "group",
    "label": "Power Prioritization Basic Diagnostics",
    "desc": "Basic diagnostics model for understanding power prioritization",
    "points": [
      {
        "name": "ID",
        "type": "uint16",
        "size": 1,
        "mandatory": "M",
        "static": "S",
        "label": "Model ID",
        "desc": "Model identifier",
        "value": 64268
      },
      {
        "name": "L",
        "type": "uint16",
        "size": 1,
        "mandatory": "M",
        "static": "S",
        "label": "Model Length",
        "desc": "Model length"
      },
      {
        "name": "AvgGridVoltage",
        "type": "uint16",
        "size": 1,
        "units": "V",
        "label": "Average Grid Voltage from GSL Measurements",
        "desc": "The average grid voltage as reported by the GSL"
      },
      {
        "name": "GridFrequency",
        "type": "uint32",
        "size": 2,
        "sf": "Hz_SF",
        "units": "Hz",
        "label": "Grid Frequency from GSL Measurements",
        "desc": "The grid frequency as reported by the GSL"
      },
      {
        "name": "RealPower",
        "type": "uint16",
        "size": 1,
        "units": "W",
        "label": "Real Power from GSL Measurements",
        "desc": "The real power being imported from or exported to the grid as reported by the GSL"
      },
      {
        "name": "ReactivePower",
        "type": "uint16",
        "size": 1,
        "units": "VAR",
        "label": "Reactive Power from GSL Measurements",
        "desc": "The reactive power being imported from or exported to the grid as reported by the GSL"
      },
      {
        "name": "VoltWattExportLimit",
        "type": "uint16",
        "size": 1,
        "units": "W",
        "label": "Volt Watt Export Limit",
        "desc": "The export limit for real power based on the volt watt control algorithm"
      },
      {
        "name": "FreqWattRealPowerTarget",
        "type": "uint16",
        "size": 1,
        "units": "W",
        "label": "Frequency Watt Real Power Target",
        "desc": "The target for real power based on the frequency watt control algorithm"
      },
      {
        "name": "FreqWattActiveStatus",
        "type": "enum16",
        "size": 1,
        "label": "Frequency Watt Active Status",
        "desc": "The frequency watt control algorithm's active status",
        "symbols": [
          {
            "name": "INACTIVE",
            "value": 0
          },
          {
            "name": "ACTIVE",
            "value": 1
          }
        ]
      },
      {
        "name": "WattVarReactivePowerTarget",
        "type": "uint16",
        "size": 1,
        "units": "VAR",
        "label": "Watt Var Reactive Power Target",
        "desc": "The target for reactive power based on the watt var control algorithm"
      },
      {
        "name": "VoltVarReactivePowerTarget",
        "type": "uint16",
        "size": 1,
        "units": "VAR",
        "label": "Volt Var Reactive Power Target",
        "desc": "The target for reactive power based on the volt var control algorithm"
      },
      {
        "name": "VoltVarReferenceVoltage",
        "type": "uint16",
        "size": 1,
        "sf": "V_Percent_SF",
        "units": "V_Percent",
        "label": "Volt Var Reference Voltage",
        "desc": "The reference voltage used to run the volt var algorithm"
      },
      {
        "name": "ConstantPowerFactorReactivePowerTarget",
        "type": "uint16",
        "size": 1,
        "units": "VAR",
        "label": "Constant Power Factor Reactive Power Target",
        "desc": "The target for reactive power based on the constant power factor control algorithm"
      },
      {
        "name": "ConstantReactivePowerCommandReactivePowerTarget",
        "type": "uint16",
        "size": 1,
        "units": "VAR",
        "label": "Constant Power Factor Reactive Power Target",
        "desc": "The target for reactive power based on the constant reactive power command"
      },
      {
        "name": "RealPowerLimit",
        "type": "uint16",
        "size": 1,
        "units": "W",
        "label": "Real Power Limit",
        "desc": "The limit for real power based on the real power limit"
      },
      {
        "name": "RealPowerSettingTarget",
        "type": "uint16",
        "size": 1,
        "units": "W",
        "label": "Real Power Setting Target",
        "desc": "The target for real power based on the real power setting"
      },
      {
        "name": "GSLRealPowerCommand",
        "type": "uint16",
        "size": 1,
        "units": "W/unit",
        "label": "GSL Real Power Command",
        "desc": "The real power command as requested by the GSL"
      },
      {
        "name": "GSLRealPowerLowLimit",
        "type": "uint16",
        "size": 1,
        "units": "W/unit",
        "label": "GSL Real Power Low Limit",
        "desc": "The lower limit on real power as requested by the GSL"
      },
      {
        "name": "GSLRealPowerHighLimit",
        "type": "uint16",
        "size": 1,
        "units": "W/unit",
        "label": "GSL Real Power High Limit",
        "desc": "The upper limit on real power as requested by the GSL"
      },
      {
        "name": "GSLRealPowerCommandActiveStatus",
        "type": "enum16",
        "size": 1,
        "label": "GSL Real Power Command Active Status",
        "desc": "The active status of the GSL's real power command",
        "symbols": [
          {
            "name": "INACTIVE",
            "value": 0
          },
          {
            "name": "ACTIVE",
            "value": 1
          }
        ]
      },
      {
        "name": "GSLReactivePowerCommand",
        "type": "uint16",
        "size": 1,
        "units": "VAR/unit",
        "label": "GSL Reactive Power Command",
        "desc": "The reactive power command as requested by the GSL"
      },
      {
        "name": "MaxReactiveAmpsReference",
        "type": "uint16",
        "size": 1,
        "units": "A",
        "label": "Maximum Reactive Amps Reference",
        "desc": "Positive and negative threshold for reactive amps target"
      },
      {
        "name": "ReactiveAmpsFromCapacitor",
        "type": "uint16",
        "size": 1,
        "sf": "A_SF",
        "units": "A",
        "label": "Reactive Amps From Capacitor",
        "desc": "Reactive amps adjustment from output capacitance"
      },
      {
        "name": "ReactiveAmpsTarget",
        "type": "uint16",
        "size": 1,
        "sf": "A_SF",
        "units": "A",
        "label": "Reactive Amps Target",
        "desc": "Final output reactive amps after adjustments from the GSL, capacitance, and anti-islanding"
      },
      {
        "name": "ReactiveAmpsTargetFromGSL",
        "type": "uint16",
        "size": 1,
        "sf": "A_SF",
        "units": "A",
        "label": "Reactive Amps Target From GSL",
        "desc": "Reactive amps target from GSL"
      },
      {
        "name": "RealPowerAmpsReferenceTotal",
        "type": "uint16",
        "size": 1,
        "units": "A",
        "label": "Real Power Amps Reference Total",
        "desc": "Used to determine whether power flows toward or away from REbus"
      },
      {
        "name": "RealPowerAmpsReference1",
        "type": "uint16",
        "size": 1,
        "units": "A",
        "label": "Real Power Amps Reference for Phase 1",
        "desc": "Phase 1 component of real power amps reference total - allows us to balance power between the lines"
      },
      {
        "name": "RealPowerAmpsReference2",
        "type": "uint16",
        "size": 1,
        "units": "A",
        "label": "Real Power Amps Reference for Phase 2",
        "desc": "Phase 2 component of real power amps reference total - allows us to balance power between the lines"
      },
      {
        "name": "ReactiveAmpsReference",
        "type": "uint16",
        "size": 1,
        "units": "A",
        "label": "Reactive Amps Reference",
        "desc": "Integral form of the reactive amps target"
      },
      {
        "name": "RealPowerAmpsReferenceTargetTotal",
        "type": "uint16",
        "size": 1,
        "units": "A",
        "label": "Real Power Amps Reference Target Total",
        "desc": "Target from divy - total"
      },
      {
        "name": "RealPowerAmpsReferenceTarget1",
        "type": "uint16",
        "size": 1,
        "units": "A",
        "label": "Real Power Amps Reference Target for Phase 1",
        "desc": "Target from divy - phase 1 component"
      },
      {
        "name": "RealPowerAmpsReferenceTarget2",
        "type": "uint16",
        "size": 1,
        "units": "A",
        "label": "Real Power Amps Reference Target for Phase 2",
        "desc": "Target from divy - phase 2 component "
      },
      {
        "name": "ApparentPowerVectorAmpLimit",
        "type": "uint16",
        "size": 1,
        "units": "A",
        "label": "Apparent Power Vector Amp Limit",
        "desc": "Restricts all combined real and reactive amps from exceeding this limit"
      },
      {
        "name": "PowerAsWattsNegativeLimit1",
        "type": "uint16",
        "size": 1,
        "sf": "A_SF",
        "units": "A",
        "label": "Power as Watts Negative Limit for Phase 1",
        "desc": "Negative real power limit for phase 1"
      },
      {
        "name": "PowerAsWattsNegativeLimit2",
        "type": "uint16",
        "size": 1,
        "sf": "A_SF",
        "units": "A",
        "label": "Power as Watts Negative Limit for Phase 2",
        "desc": "Negative real power limit for phase 2"
      },
      {
        "name": "PowerAsWattsPositiveLimit1",
        "type": "uint16",
        "size": 1,
        "sf": "A_SF",
        "units": "A",
        "label": "Power as Watts Positive Limit for Phase 1",
        "desc": "Positive real power limit for phase 1"
      },
      {
        "name": "PowerAsWattsPositiveLimit2",
        "type": "uint16",
        "size": 1,
        "sf": "A_SF",
        "units": "A",
        "label": "Power as Watts Positive Limit for Phase 2",
        "desc": "Positive real power limit for phase 2"
      },
      {
        "name": "PowerTargetAsPerUnit1",
        "type": "uint16",
        "size": 1,
        "units": "W/unit",
        "label": "Power Target as Per Unit for Phase 1",
        "desc": "Real power target dependent on mode - phase 1 component"
      },
      {
        "name": "PowerTargetAsPerUnit2",
        "type": "uint16",
        "size": 1,
        "units": "W/unit",
        "label": "Power Target as Per Unit for Phase 2",
        "desc": "Real power target dependent on mode - phase 2 component"
      },
      {
        "name": "PowerTargetAsAmps1",
        "type": "uint16",
        "size": 1,
        "sf": "A_SF",
        "units": "A",
        "label": "Power Target as Amps for Phase 1",
        "desc": "Amps required to reach the real power target - phase 1 component"
      },
      {
        "name": "PowerTargetAsAmps2",
        "type": "uint16",
        "size": 1,
        "sf": "A_SF",
        "units": "A",
        "label": "Power Target as Amps for Phase 2",
        "desc": "Amps required to reach the real power target - phase 2 component"
      },
      {
        "name": "CTTargetSelfSupply1",
        "type": "uint16",
        "size": 1,
        "units": "W/unit",
        "label": "CT Target for Self Supply for Phase 1",
        "desc": "CT target for self supply for phase 1"
      },
      {
        "name": "CTTargetSelfSupply2",
        "type": "uint16",
        "size": 1,
        "units": "W/unit",
        "label": "CT Target for Self Supply for Phase 2",
        "desc": "CT target for self supply for phase 2"
      },
      {
        "name": "CTTargetZeroExport1",
        "type": "uint16",
        "size": 1,
        "units": "W/unit",
        "label": "CT Target for Zero Export for Phase 1",
        "desc": "CT target for zero export for phase 1"
      },
      {
        "name": "CTTargetZeroExport2",
        "type": "uint16",
        "size": 1,
        "units": "W/unit",
        "label": "CT Target for Zero Export for Phase 2",
        "desc": "CT target for zero export for phase 2"
      },
      {
        "name": "CTTargetZeroImport1",
        "type": "uint16",
        "size": 1,
        "units": "W/unit",
        "label": "CT Target for Zero Import for Phase 1",
        "desc": "CT target for zero import for phase 1"
      },
      {
        "name": "CTTargetZeroImport2",
        "type": "uint16",
        "size": 1,
        "units": "W/unit",
        "label": "CT Target for Zero Import for Phase 2",
        "desc": "CT target for zero import for phase 2"
      },
      {
        "name": "CTTargetGenConnected1",
        "type": "uint16",
        "size": 1,
        "units": "W/unit",
        "label": "CT Target when Gen Connected for Phase 1",
        "desc": "CT target when generator connected for phase 1"
      },
      {
        "name": "CTTargetGenConnected2",
        "type": "uint16",
        "size": 1,
        "units": "W/unit",
        "label": "CT Target when Gen Connected for Phase 2",
        "desc": "CT target when generator connected for phase 2"
      },
      {
        "name": "Hz_SF",
        "type": "sunssf",
        "size": 1
      },
      {
        "name": "V_Percent_SF",
        "type": "sunssf",
        "size": 1
      },
      {
        "name": "A_SF",
        "type": "sunssf",
        "size": 1
      },
      {
        "name": "Pad0",
        "type": "pad",
        "size": 1
      },
      {
        "name": "Pad1",
        "type": "pad",
        "size": 1
      },
      {
        "name": "Pad2",
        "type": "pad",
        "size": 1
      },
      {
        "name": "Pad3",
        "type": "pad",
        "size": 1
      },
      {
        "name": "Pad4",
        "type": "pad",
        "size": 1
      },
      {
        "name": "Pad5",
        "type": "pad",
        "size": 1
      },
      {
        "name": "Pad6",
        "type": "pad",
        "size": 1
      },
      {
        "name": "Pad7",
        "type": "pad",
        "size": 1
      },
      {
        "name": "Pad8",
        "type": "pad",
        "size": 1
      }
    ]
  },
  "id": 64268
}