{
  "group": {
    "name": "controls",
    "type": "group",
    "label": "Immediate Controls",
    "desc": "Immediate Inverter Controls ",
    "points": [
      {
        "name": "ID",
        "type": "uint16",
        "size": 1,
        "mandatory": "M",
        "static": "S",
        "label": "Model ID",
        "desc": "Model identifier",
        "value": 123
      },
      {
        "name": "L",
        "type": "uint16",
        "size": 1,
        "mandatory": "M",
        "static": "S",
        "label": "Model Length",
        "desc": "Model length"
      },
      {
        "name": "Conn_WinTms",
        "type": "uint16",
        "size": 1,
        "units": "Secs",
        "access": "RW",
        "label": "Conn_WinTms",
        "desc": "Time window for connect/disconnect."
      },
      {
        "name": "Conn_RvrtTms",
        "type": "uint16",
        "size": 1,
        "units": "Secs",
        "access": "RW",
        "label": "Conn_RvrtTms",
        "desc": "Timeout period for connect/disconnect."
      },
      {
        "name": "Conn",
        "type": "enum16",
        "size": 1,
        "access": "RW",
        "mandatory": "M",
        "label": "Conn",
        "desc": "Enumerated valued.  Connection control.",
        "symbols": [
          {
            "name": "DISCONNECT",
            "value": 0
          },
          {
            "name": "CONNECT",
            "value": 1
          }
        ]
      },
      {
        "name": "WMaxLimPct",
        "type": "uint16",
        "size": 1,
        "sf": "WMaxLimPct_SF",
        "units": "% WMax",
        "access": "RW",
        "mandatory": "M",
        "label": "WMaxLimPct",
        "desc": "Set power output to specified level."
      },
      {
        "name": "WMaxLimPct_WinTms",
        "type": "uint16",
        "size": 1,
        "units": "Secs",
        "access": "RW",
        "label": "WMaxLimPct_WinTms",
        "desc": "Time window for power limit change."
      },
      {
        "name": "WMaxLimPct_RvrtTms",
        "type": "uint16",
        "size": 1,
        "units": "Secs",
        "access": "RW",
        "label": "WMaxLimPct_RvrtTms",
        "desc": "Timeout period for power limit."
      },
      {
        "name": "WMaxLimPct_RmpTms",
        "type": "uint16",
        "size": 1,
        "units": "Secs",
        "access": "RW",
        "label": "WMaxLimPct_RmpTms",
        "desc": "Ramp time for moving from current setpoint to new setpoint."
      },
      {
        "name": "WMaxLim_Ena",
        "type": "enum16",
        "size": 1,
        "access": "RW",
        "mandatory": "M",
        "label": "WMaxLim_Ena",
        "desc": "Enumerated valued.  Throttle enable/disable control.",
        "symbols": [
          {
            "name": "DISABLED",
            "value": 0
          },
          {
            "name": "ENABLED",
            "value": 1
          }
        ]
      },
      {
        "name": "OutPFSet",
        "type": "int16",
        "size": 1,
        "sf": "OutPFSet_SF",
        "units": "cos()",
        "access": "RW",
        "mandatory": "M",
        "label": "OutPFSet",
        "desc": "Set power factor to specific value - cosine of angle."
      },
      {
        "name": "OutPFSet_WinTms",
        "type": "uint16",
        "size": 1,
        "units": "Secs",
        "access": "RW",
        "label": "OutPFSet_WinTms",
        "desc": "Time window for power factor change."
      },
      {
        "name": "OutPFSet_RvrtTms",
        "type": "uint16",
        "size": 1,
        "units": "Secs",
        "access": "RW",
        "label": "OutPFSet_RvrtTms",
        "desc": "Timeout period for power factor."
      },
      {
        "name": "OutPFSet_RmpTms",
        "type": "uint16",
        "size": 1,
        "units": "Secs",
        "access": "RW",
        "label": "OutPFSet_RmpTms",
        "desc": "Ramp time for moving from current setpoint to new setpoint."
      },
      {
        "name": "OutPFSet_Ena",
        "type": "enum16",
        "size": 1,
        "access": "RW",
        "mandatory": "M",
        "label": "OutPFSet_Ena",
        "desc": "Enumerated valued.  Fixed power factor enable/disable control.",
        "symbols": [
          {
            "name": "DISABLED",
            "value": 0
          },
          {
            "name": "ENABLED",
            "value": 1
          }
        ]
      },
      {
        "name": "VArWMaxPct",
        "type": "int16",
        "size": 1,
        "sf": "VArPct_SF",
        "units": "% WMax",
        "access": "RW",
        "label": "VArWMaxPct",
        "desc": "Reactive power in percent of WMax."
      },
      {
        "name": "VArMaxPct",
        "type": "int16",
        "size": 1,
        "sf": "VArPct_SF",
        "units": "% VArMax",
        "access": "RW",
        "label": "VArMaxPct",
        "desc": "Reactive power in percent of VArMax."
      },
      {
        "name": "VArAvalPct",
        "type": "int16",
        "size": 1,
        "sf": "VArPct_SF",
        "units": "% VArAval",
        "access": "RW",
        "label": "VArAvalPct",
        "desc": "Reactive power in percent of VArAval."
      },
      {
        "name": "VArPct_WinTms",
        "type": "uint16",
        "size": 1,
        "units": "Secs",
        "access": "RW",
        "label": "VArPct_WinTms",
        "desc": "Time window for VAR limit change."
      },
      {
        "name": "VArPct_RvrtTms",
        "type": "uint16",
        "size": 1,
        "units": "Secs",
        "access": "RW",
        "label": "VArPct_RvrtTms",
        "desc": "Timeout period for VAR limit."
      },
      {
        "name": "VArPct_RmpTms",
        "type": "uint16",
        "size": 1,
        "units": "Secs",
        "access": "RW",
        "label": "VArPct_RmpTms",
        "desc": "Ramp time for moving from current setpoint to new setpoint."
      },
      {
        "name": "VArPct_Mod",
        "type": "enum16",
        "size": 1,
        "access": "RW",
        "label": "VArPct_Mod",
        "desc": "Enumerated value. VAR percent limit mode.",
        "symbols": [
          {
            "name": "NONE",
            "value": 0
          },
          {
            "name": "WMax",
            "value": 1
          },
          {
            "name": "VArMax",
            "value": 2
          },
          {
            "name": "VArAval",
            "value": 3
          }
        ]
      },
      {
        "name": "VArPct_Ena",
        "type": "enum16",
        "size": 1,
        "access": "RW",
        "mandatory": "M",
        "label": "VArPct_Ena",
        "desc": "Enumerated valued.  Percent limit VAr enable/disable control.",
        "symbols": [
          {
            "name": "DISABLED",
            "value": 0
          },
          {
            "name": "ENABLED",
            "value": 1
          }
        ]
      },
      {
        "name": "WMaxLimPct_SF",
        "type": "sunssf",
        "size": 1,
        "mandatory": "M",
        "label": "WMaxLimPct_SF",
        "desc": "Scale factor for power output percent."
      },
      {
        "name": "OutPFSet_SF",
        "type": "sunssf",
        "size": 1,
        "mandatory": "M",
        "label": "OutPFSet_SF",
        "desc": "Scale factor for power factor."
      },
      {
        "name": "VArPct_SF",
        "type": "sunssf",
        "size": 1,
        "label": "VArPct_SF",
        "desc": "Scale factor for reactive power percent."
      }
    ]
  },
  "id": 123
}