{
  "group": {
    "name": "model_9",
    "type": "group",
    "label": "Set Operator Security Certificate",
    "desc": "Security model for PKI",
    "points": [
      {
        "name": "ID",
        "type": "uint16",
        "size": 1,
        "mandatory": "M",
        "static": "S",
        "label": "Model ID",
        "desc": "Model identifier",
        "value": 9
      },
      {
        "name": "L",
        "type": "uint16",
        "size": 1,
        "mandatory": "M",
        "static": "S",
        "label": "Model Length",
        "desc": "Model length"
      },
      {
        "name": "CertUID",
        "type": "uint16",
        "size": 1,
        "access": "RW",
        "mandatory": "M",
        "label": "Cert_UID",
        "desc": "User ID for this certificate"
      },
      {
        "name": "CertRole",
        "type": "uint16",
        "size": 1,
        "access": "RW",
        "mandatory": "M",
        "label": "Cert_Role",
        "desc": "Role for this certificate"
      },
      {
        "name": "Fmt",
        "type": "enum16",
        "size": 1,
        "access": "RW",
        "mandatory": "M",
        "label": "Format",
        "desc": "Format of this certificate",
        "symbols": [
          {
            "name": "NONE",
            "value": 0,
            "label": "NONE"
          },
          {
            "name": "X509_PEM",
            "value": 1,
            "label": "PEM"
          },
          {
            "name": "X509_DER",
            "value": 2,
            "label": "DER"
          }
        ]
      },
      {
        "name": "Typ",
        "type": "enum16",
        "size": 1,
        "access": "RW",
        "mandatory": "M",
        "label": "Type",
        "desc": "Type of this certificate",
        "symbols": [
          {
            "name": "DEV_KEY_PAIR",
            "value": 0
          },
          {
            "name": "DEV_SHARED_KEY",
            "value": 1
          },
          {
            "name": "OPERATOR_PUB",
            "value": 2
          },
          {
            "name": "OPERATOR_SHARED",
            "value": 3
          },
          {
            "name": "CA_PUB",
            "value": 4
          }
        ]
      },
      {
        "name": "TotLn",
        "type": "uint16",
        "size": 1,
        "access": "RW",
        "mandatory": "M",
        "label": "Total Length",
        "desc": "Total Length of the Certificate"
      },
      {
        "name": "FrgLn",
        "type": "uint16",
        "size": 1,
        "access": "RW",
        "mandatory": "M",
        "label": "Fragment length",
        "desc": "Length of this fragment"
      },
      {
        "name": "Frg1",
        "type": "uint16",
        "size": 1,
        "access": "RW",
        "mandatory": "M",
        "label": "Frag1",
        "desc": "First word of this fragment"
      },
      {
        "name": "Frg2",
        "type": "uint16",
        "size": 1,
        "access": "RW",
        "mandatory": "M"
      },
      {
        "name": "Frg3",
        "type": "uint16",
        "size": 1,
        "access": "RW",
        "mandatory": "M"
      },
      {
        "name": "Frg4",
        "type": "uint16",
        "size": 1,
        "access": "RW",
        "mandatory": "M"
      },
      {
        "name": "Frg5",
        "type": "uint16",
        "size": 1,
        "access": "RW",
        "mandatory": "M"
      },
      {
        "name": "Frg6",
        "type": "uint16",
        "size": 1,
        "access": "RW",
        "mandatory": "M"
      },
      {
        "name": "Frg7",
        "type": "uint16",
        "size": 1,
        "access": "RW",
        "mandatory": "M"
      },
      {
        "name": "Frg8",
        "type": "uint16",
        "size": 1,
        "access": "RW",
        "mandatory": "M"
      },
      {
        "name": "Frg9",
        "type": "uint16",
        "size": 1,
        "access": "RW",
        "mandatory": "M"
      },
      {
        "name": "Frg10",
        "type": "uint16",
        "size": 1,
        "access": "RW",
        "mandatory": "M"
      },
      {
        "name": "Frg11",
        "type": "uint16",
        "size": 1,
        "access": "RW",
        "mandatory": "M"
      },
      {
        "name": "Frg12",
        "type": "uint16",
        "size": 1,
        "access": "RW",
        "mandatory": "M"
      },
      {
        "name": "Frg13",
        "type": "uint16",
        "size": 1,
        "access": "RW",
        "mandatory": "M"
      },
      {
        "name": "Frg14",
        "type": "uint16",
        "size": 1,
        "access": "RW",
        "mandatory": "M"
      },
      {
        "name": "Frg15",
        "type": "uint16",
        "size": 1,
        "access": "RW",
        "mandatory": "M"
      },
      {
        "name": "Frg16",
        "type": "uint16",
        "size": 1,
        "access": "RW",
        "mandatory": "M"
      },
      {
        "name": "Frg17",
        "type": "uint16",
        "size": 1,
        "access": "RW",
        "mandatory": "M"
      },
      {
        "name": "Frg18",
        "type": "uint16",
        "size": 1,
        "access": "RW",
        "mandatory": "M"
      },
      {
        "name": "Frg19",
        "type": "uint16",
        "size": 1,
        "access": "RW",
        "mandatory": "M"
      },
      {
        "name": "Frg20",
        "type": "uint16",
        "size": 1,
        "access": "RW",
        "mandatory": "M"
      },
      {
        "name": "Frg21",
        "type": "uint16",
        "size": 1,
        "access": "RW",
        "mandatory": "M"
      },
      {
        "name": "Frg22",
        "type": "uint16",
        "size": 1,
        "access": "RW",
        "mandatory": "M"
      },
      {
        "name": "Frg23",
        "type": "uint16",
        "size": 1,
        "access": "RW",
        "mandatory": "M"
      },
      {
        "name": "Frg24",
        "type": "uint16",
        "size": 1,
        "access": "RW",
        "mandatory": "M"
      },
      {
        "name": "Frg25",
        "type": "uint16",
        "size": 1,
        "access": "RW",
        "mandatory": "M"
      },
      {
        "name": "Frg26",
        "type": "uint16",
        "size": 1,
        "access": "RW",
        "mandatory": "M"
      },
      {
        "name": "Frg27",
        "type": "uint16",
        "size": 1,
        "access": "RW",
        "mandatory": "M"
      },
      {
        "name": "Frg28",
        "type": "uint16",
        "size": 1,
        "access": "RW",
        "mandatory": "M"
      },
      {
        "name": "Frg29",
        "type": "uint16",
        "size": 1,
        "access": "RW",
        "mandatory": "M"
      },
      {
        "name": "Frg30",
        "type": "uint16",
        "size": 1,
        "access": "RW",
        "mandatory": "M"
      },
      {
        "name": "Frg31",
        "type": "uint16",
        "size": 1,
        "access": "RW",
        "mandatory": "M"
      },
      {
        "name": "Frg32",
        "type": "uint16",
        "size": 1,
        "access": "RW",
        "mandatory": "M"
      },
      {
        "name": "Frg33",
        "type": "uint16",
        "size": 1,
        "access": "RW",
        "mandatory": "M"
      },
      {
        "name": "Frg34",
        "type": "uint16",
        "size": 1,
        "access": "RW",
        "mandatory": "M"
      },
      {
        "name": "Frg35",
        "type": "uint16",
        "size": 1,
        "access": "RW",
        "mandatory": "M"
      },
      {
        "name": "Frg36",
        "type": "uint16",
        "size": 1,
        "access": "RW",
        "mandatory": "M"
      },
      {
        "name": "Frg37",
        "type": "uint16",
        "size": 1,
        "access": "RW",
        "mandatory": "M"
      },
      {
        "name": "Frg38",
        "type": "uint16",
        "size": 1,
        "access": "RW",
        "mandatory": "M"
      },
      {
        "name": "Frg39",
        "type": "uint16",
        "size": 1,
        "access": "RW",
        "mandatory": "M"
      },
      {
        "name": "Frg40",
        "type": "uint16",
        "size": 1,
        "access": "RW",
        "mandatory": "M"
      },
      {
        "name": "Frg41",
        "type": "uint16",
        "size": 1,
        "access": "RW",
        "mandatory": "M"
      },
      {
        "name": "Frg42",
        "type": "uint16",
        "size": 1,
        "access": "RW",
        "mandatory": "M"
      },
      {
        "name": "Frg43",
        "type": "uint16",
        "size": 1,
        "access": "RW",
        "mandatory": "M"
      },
      {
        "name": "Frg44",
        "type": "uint16",
        "size": 1,
        "access": "RW",
        "mandatory": "M"
      },
      {
        "name": "Frg45",
        "type": "uint16",
        "size": 1,
        "access": "RW",
        "mandatory": "M"
      },
      {
        "name": "Frg46",
        "type": "uint16",
        "size": 1,
        "access": "RW",
        "mandatory": "M"
      },
      {
        "name": "Frg47",
        "type": "uint16",
        "size": 1,
        "access": "RW",
        "mandatory": "M"
      },
      {
        "name": "Frg48",
        "type": "uint16",
        "size": 1,
        "access": "RW",
        "mandatory": "M"
      },
      {
        "name": "Frg49",
        "type": "uint16",
        "size": 1,
        "access": "RW",
        "mandatory": "M"
      },
      {
        "name": "Frg50",
        "type": "uint16",
        "size": 1,
        "access": "RW",
        "mandatory": "M"
      },
      {
        "name": "Frg51",
        "type": "uint16",
        "size": 1,
        "access": "RW",
        "mandatory": "M"
      },
      {
        "name": "Frg52",
        "type": "uint16",
        "size": 1,
        "access": "RW",
        "mandatory": "M"
      },
      {
        "name": "Frg53",
        "type": "uint16",
        "size": 1,
        "access": "RW",
        "mandatory": "M"
      },
      {
        "name": "Frg54",
        "type": "uint16",
        "size": 1,
        "access": "RW",
        "mandatory": "M"
      },
      {
        "name": "Frg55",
        "type": "uint16",
        "size": 1,
        "access": "RW",
        "mandatory": "M"
      },
      {
        "name": "Frg56",
        "type": "uint16",
        "size": 1,
        "access": "RW",
        "mandatory": "M"
      },
      {
        "name": "Frg57",
        "type": "uint16",
        "size": 1,
        "access": "RW",
        "mandatory": "M"
      },
      {
        "name": "Frg58",
        "type": "uint16",
        "size": 1,
        "access": "RW",
        "mandatory": "M"
      },
      {
        "name": "Frg59",
        "type": "uint16",
        "size": 1,
        "access": "RW",
        "mandatory": "M"
      },
      {
        "name": "Frg60",
        "type": "uint16",
        "size": 1,
        "access": "RW",
        "mandatory": "M"
      },
      {
        "name": "Frg61",
        "type": "uint16",
        "size": 1,
        "access": "RW",
        "mandatory": "M"
      },
      {
        "name": "Frg62",
        "type": "uint16",
        "size": 1,
        "access": "RW",
        "mandatory": "M"
      },
      {
        "name": "Frg63",
        "type": "uint16",
        "size": 1,
        "access": "RW",
        "mandatory": "M"
      },
      {
        "name": "Frg64",
        "type": "uint16",
        "size": 1,
        "access": "RW",
        "mandatory": "M"
      },
      {
        "name": "Frg65",
        "type": "uint16",
        "size": 1,
        "access": "RW",
        "mandatory": "M"
      },
      {
        "name": "Frg66",
        "type": "uint16",
        "size": 1,
        "access": "RW",
        "mandatory": "M"
      },
      {
        "name": "Frg67",
        "type": "uint16",
        "size": 1,
        "access": "RW",
        "mandatory": "M"
      },
      {
        "name": "Frg68",
        "type": "uint16",
        "size": 1,
        "access": "RW",
        "mandatory": "M"
      },
      {
        "name": "Frg69",
        "type": "uint16",
        "size": 1,
        "access": "RW",
        "mandatory": "M"
      },
      {
        "name": "Frg70",
        "type": "uint16",
        "size": 1,
        "access": "RW",
        "mandatory": "M"
      },
      {
        "name": "Frg71",
        "type": "uint16",
        "size": 1,
        "access": "RW",
        "mandatory": "M"
      },
      {
        "name": "Frg72",
        "type": "uint16",
        "size": 1,
        "access": "RW",
        "mandatory": "M"
      },
      {
        "name": "Frg73",
        "type": "uint16",
        "size": 1,
        "access": "RW",
        "mandatory": "M"
      },
      {
        "name": "Frg74",
        "type": "uint16",
        "size": 1,
        "access": "RW",
        "mandatory": "M"
      },
      {
        "name": "Frg75",
        "type": "uint16",
        "size": 1,
        "access": "RW",
        "mandatory": "M"
      },
      {
        "name": "Frg78",
        "type": "uint16",
        "size": 1,
        "access": "RW",
        "mandatory": "M"
      },
      {
        "name": "Frg79",
        "type": "uint16",
        "size": 1,
        "access": "RW",
        "mandatory": "M"
      },
      {
        "name": "Frg80",
        "type": "uint16",
        "size": 1,
        "access": "RW",
        "mandatory": "M",
        "label": "Frag80",
        "desc": "Last word of this fragment"
      },
      {
        "name": "Ts",
        "type": "uint32",
        "size": 2,
        "access": "RW",
        "mandatory": "M",
        "label": "Timestamp",
        "desc": "Timestamp value is the number of seconds since January 1, 2000"
      },
      {
        "name": "Ms",
        "type": "uint16",
        "size": 1,
        "access": "RW",
        "mandatory": "M",
        "label": "Milliseconds",
        "desc": "Millisecond counter 0-999"
      },
      {
        "name": "Seq",
        "type": "uint16",
        "size": 1,
        "access": "RW",
        "mandatory": "M",
        "label": "Sequence",
        "desc": "Sequence number of request"
      },
      {
        "name": "UID",
        "type": "uint16",
        "size": 1,
        "access": "RW",
        "mandatory": "M",
        "label": "UID",
        "desc": "User ID for the request signature"
      },
      {
        "name": "Role",
        "type": "uint16",
        "size": 1,
        "access": "RW",
        "mandatory": "M",
        "label": "Role",
        "desc": "Signing key used 0-5"
      },
      {
        "name": "Alg",
        "type": "enum16",
        "size": 1,
        "access": "RW",
        "mandatory": "M",
        "label": "Algorithm",
        "desc": "Algorithm used to compute the digital signature",
        "symbols": [
          {
            "name": "NONE",
            "value": 0,
            "label": "NONE",
            "desc": "No digital signature"
          },
          {
            "name": "AES-GMAC-64",
            "value": 1,
            "label": "AES-GMAC-64",
            "desc": "64 bit AES signature algorithm is used"
          },
          {
            "name": "ECC-256",
            "value": 2,
            "label": "ECC-256",
            "desc": "256 bit ECC signature algorithm is used"
          }
        ]
      },
      {
        "name": "N",
        "type": "uint16",
        "size": 1,
        "access": "RW",
        "mandatory": "M",
        "label": "N",
        "desc": "Number of registers to follow for the certificate"
      }
    ],
    "groups": [
      {
        "name": "repeating",
        "type": "group",
        "count": 0,
        "points": [
          {
            "name": "Cert",
            "type": "uint16",
            "size": 1,
            "access": "RW",
            "mandatory": "M"
          }
        ]
      }
    ]
  },
  "id": 9
}