{
  "group": {
    "name": "model_13",
    "type": "group",
    "label": "IPv6",
    "desc": "Include to support an IPv6 protocol stack on this interface",
    "points": [
      {
        "name": "ID",
        "type": "uint16",
        "size": 1,
        "mandatory": "M",
        "static": "S",
        "label": "Model ID",
        "desc": "Model identifier",
        "value": 13
      },
      {
        "name": "L",
        "type": "uint16",
        "size": 1,
        "mandatory": "M",
        "static": "S",
        "label": "Model Length",
        "desc": "Model length"
      },
      {
        "name": "Nam",
        "type": "string",
        "size": 4,
        "access": "RW",
        "label": "Name",
        "desc": "Interface name"
      },
      {
        "name": "CfgSt",
        "type": "enum16",
        "size": 1,
        "mandatory": "M",
        "label": "Config Status",
        "desc": "Enumerated value.  Configuration status",
        "symbols": [
          {
            "name": "NOT_CONFIGURED",
            "value": 0,
            "label": "not configured",
            "desc": "the stack is not configured"
          },
          {
            "name": "VALID_SETTING",
            "value": 1,
            "label": "valid setting",
            "desc": "a valid configuration from BOOTP, DHCP, or NV mem"
          },
          {
            "name": "VALID_HW",
            "value": 2,
            "label": "valid hardware",
            "desc": "a valid configuration from hardware settings"
          }
        ]
      },
      {
        "name": "ChgSt",
        "type": "bitfield16",
        "size": 1,
        "mandatory": "M",
        "label": "Change Status",
        "desc": "Bitmask value.  A configuration change is pending",
        "symbols": [
          {
            "name": "PENDING",
            "value": 0,
            "label": "pending",
            "desc": "a configuration change is pending"
          }
        ]
      },
      {
        "name": "Cap",
        "type": "bitfield16",
        "size": 1,
        "mandatory": "M",
        "label": "Config Capability",
        "desc": "Bitmask value. Identify capable sources of configuration",
        "symbols": [
          {
            "name": "DHCP",
            "value": 0,
            "label": "DHCP",
            "desc": "DHCP Client capable"
          },
          {
            "name": "BOOTP",
            "value": 1,
            "label": "BOOTP",
            "desc": "BOOTP client capable"
          },
          {
            "name": "ZEROCONF",
            "value": 2,
            "label": "zeroconf",
            "desc": "Zeroconf capable"
          },
          {
            "name": "DNS",
            "value": 3,
            "label": "DNS",
            "desc": "DNS Client capable"
          },
          {
            "name": "CFG_SETTABLE",
            "value": 4,
            "label": "configurable",
            "desc": "Settable configuration capable"
          },
          {
            "name": "HW_CONFIG",
            "value": 5,
            "label": "hw",
            "desc": "Hardware configuration capable"
          },
          {
            "name": "NTP_CLIENT",
            "value": 6,
            "label": "ntp",
            "desc": "NTP Client capable"
          },
          {
            "name": "RESET_REQUIRED",
            "value": 7,
            "label": "reset required",
            "desc": "configuration change requires reset"
          }
        ]
      },
      {
        "name": "Cfg",
        "type": "enum16",
        "size": 1,
        "access": "RW",
        "mandatory": "M",
        "label": "IPv6 Config",
        "desc": "Enumerated value.  Configuration method used.",
        "symbols": [
          {
            "name": "STATIC",
            "value": 0,
            "label": "static",
            "desc": "Use static IP"
          },
          {
            "name": "DHCP",
            "value": 1,
            "label": "DHCP",
            "desc": "Use DHCP"
          },
          {
            "name": "BOOTP",
            "value": 2,
            "label": "BOOTP",
            "desc": "Use BOOTP"
          },
          {
            "name": "ZEROCONF",
            "value": 3,
            "label": "zeroconf",
            "desc": "Use Zeroconf"
          }
        ]
      },
      {
        "name": "Ctl",
        "type": "enum16",
        "size": 1,
        "access": "RW",
        "mandatory": "M",
        "label": "Control",
        "desc": "Bitmask value.  Configure use of services",
        "symbols": [
          {
            "name": "ENABLE_DNS",
            "value": 0,
            "label": "DNS",
            "desc": "Enable DNS"
          },
          {
            "name": "ENABLE_NTP",
            "value": 1,
            "label": "NTP",
            "desc": "Enable NTP"
          }
        ]
      },
      {
        "name": "Addr",
        "type": "string",
        "size": 20,
        "access": "RW",
        "mandatory": "M",
        "label": "IP",
        "desc": "IPv6 numeric address as a dotted string xxxx.xxxx.xxxx.xxxx"
      },
      {
        "name": "CIDR",
        "type": "string",
        "size": 20,
        "access": "RW",
        "label": "CIDR",
        "desc": "Classless Inter-Domain Routing Number"
      },
      {
        "name": "Gw",
        "type": "string",
        "size": 20,
        "access": "RW",
        "label": "Gateway",
        "desc": "IPv6 numeric address as a dotted string xxxx.xxxx.xxxx.xxxx"
      },
      {
        "name": "DNS1",
        "type": "string",
        "size": 20,
        "access": "RW",
        "label": "DNS1",
        "desc": "IPv6 numeric DNS address as a dotted string xxxx.xxxx.xxxx.xxxx"
      },
      {
        "name": "DNS2",
        "type": "string",
        "size": 20,
        "access": "RW",
        "label": "DNS2",
        "desc": "IPv6 numeric DNS address as a dotted string xxxx.xxxx.xxxx.xxxx"
      },
      {
        "name": "NTP1",
        "type": "string",
        "size": 20,
        "access": "RW",
        "label": "NTP1",
        "desc": "IPv6 numeric NTP address as a name or dotted string xxxx.xxxx.xxxx.xxxx"
      },
      {
        "name": "NTP2",
        "type": "string",
        "size": 20,
        "access": "RW",
        "label": "NTP2",
        "desc": "IPv6 numeric NTP address as a name or dotted string xxxx.xxxx.xxxx.xxxx"
      },
      {
        "name": "DomNam",
        "type": "string",
        "size": 12,
        "access": "RW",
        "label": "Domain",
        "desc": "Domain name (24 chars max)"
      },
      {
        "name": "HostNam",
        "type": "string",
        "size": 12,
        "access": "RW",
        "label": "Host Name",
        "desc": "Host name (24 chars max)"
      },
      {
        "name": "Pad",
        "type": "pad",
        "size": 1
      }
    ]
  },
  "id": 13
}