{
  "group": {
    "name": "lithium-ion-module",
    "type": "group",
    "label": "Lithium-Ion Module Model",
    "points": [
      {
        "name": "ID",
        "type": "uint16",
        "size": 1,
        "mandatory": "M",
        "static": "S",
        "label": "Model ID",
        "desc": "Model identifier",
        "value": 805
      },
      {
        "name": "L",
        "type": "uint16",
        "size": 1,
        "mandatory": "M",
        "static": "S",
        "label": "Model Length",
        "desc": "Model length"
      },
      {
        "name": "StrIdx",
        "type": "uint16",
        "size": 1,
        "mandatory": "M",
        "label": "String Index",
        "desc": "Index of the string containing the module."
      },
      {
        "name": "ModIdx",
        "type": "uint16",
        "size": 1,
        "mandatory": "M",
        "label": "Module Index",
        "desc": "Index of the module within the string."
      },
      {
        "name": "NCell",
        "type": "uint16",
        "size": 1,
        "mandatory": "M",
        "label": "Module Cell Count",
        "desc": "Count of all cells in the module."
      },
      {
        "name": "SoC",
        "type": "uint16",
        "size": 1,
        "sf": "SoC_SF",
        "units": "%",
        "label": "Module SoC",
        "desc": "Module state of charge, expressed as a percentage."
      },
      {
        "name": "DoD",
        "type": "uint16",
        "size": 1,
        "sf": "DoD_SF",
        "units": "%",
        "label": "Depth of Discharge",
        "desc": "Depth of discharge for the module."
      },
      {
        "name": "SoH",
        "type": "uint16",
        "size": 1,
        "sf": "SoH_SF",
        "units": "%",
        "label": "Module SoH",
        "desc": "Module state of health, expressed as a percentage."
      },
      {
        "name": "NCyc",
        "type": "uint32",
        "size": 2,
        "label": "Cycle Count",
        "desc": "Count of cycles executed."
      },
      {
        "name": "V",
        "type": "uint16",
        "size": 1,
        "sf": "V_SF",
        "units": "V",
        "mandatory": "M",
        "label": "Module Voltage",
        "desc": "Voltage of the module."
      },
      {
        "name": "CellVMax",
        "type": "uint16",
        "size": 1,
        "sf": "CellV_SF",
        "units": "V",
        "mandatory": "M",
        "label": "Max Cell Voltage",
        "desc": "Maximum voltage for all cells in the module."
      },
      {
        "name": "CellVMaxCell",
        "type": "uint16",
        "size": 1,
        "label": "Max Cell Voltage Cell",
        "desc": "Cell with the maximum voltage."
      },
      {
        "name": "CellVMin",
        "type": "uint16",
        "size": 1,
        "sf": "CellV_SF",
        "units": "V",
        "mandatory": "M",
        "label": "Min Cell Voltage",
        "desc": "Minimum voltage for all cells in the module."
      },
      {
        "name": "CellVMinCell",
        "type": "uint16",
        "size": 1,
        "label": "Min Cell Voltage Cell",
        "desc": "Cell with the minimum voltage."
      },
      {
        "name": "CellVAvg",
        "type": "uint16",
        "size": 1,
        "sf": "CellV_SF",
        "units": "V",
        "mandatory": "M",
        "label": "Average Cell Voltage",
        "desc": "Average voltage for all cells in the module."
      },
      {
        "name": "CellTmpMax",
        "type": "int16",
        "size": 1,
        "sf": "Tmp_SF",
        "units": "C",
        "mandatory": "M",
        "label": "Max Cell Temperature",
        "desc": "Maximum temperature for all cells in the module."
      },
      {
        "name": "CellTmpMaxCell",
        "type": "uint16",
        "size": 1,
        "label": "Max Cell Temperature Cell",
        "desc": "Cell with the maximum cell temperature."
      },
      {
        "name": "CellTmpMin",
        "type": "int16",
        "size": 1,
        "sf": "Tmp_SF",
        "units": "C",
        "mandatory": "M",
        "label": "Min Cell Temperature",
        "desc": "Minimum temperature for all cells in the module."
      },
      {
        "name": "CellTmpMinCell",
        "type": "uint16",
        "size": 1,
        "label": "Min Cell Temperature Cell",
        "desc": "Cell with the minimum cell temperature."
      },
      {
        "name": "CellTmpAvg",
        "type": "int16",
        "size": 1,
        "sf": "Tmp_SF",
        "units": "C",
        "mandatory": "M",
        "label": "Average Cell Temperature",
        "desc": "Average temperature for all cells in the module."
      },
      {
        "name": "NCellBal",
        "type": "uint16",
        "size": 1,
        "label": "Balanced Cell Count",
        "desc": "Number of cells currently being balanced in the module."
      },
      {
        "name": "SN",
        "type": "string",
        "size": 16,
        "label": "Serial Number",
        "desc": "Serial number for the module."
      },
      {
        "name": "SoC_SF",
        "type": "sunssf",
        "size": 1,
        "desc": "Scale factor for module state of charge."
      },
      {
        "name": "SoH_SF",
        "type": "sunssf",
        "size": 1,
        "desc": "Scale factor for module state of health."
      },
      {
        "name": "DoD_SF",
        "type": "sunssf",
        "size": 1,
        "desc": "Scale factor for module depth of discharge."
      },
      {
        "name": "V_SF",
        "type": "sunssf",
        "size": 1,
        "mandatory": "M",
        "desc": "Scale factor for module voltage."
      },
      {
        "name": "CellV_SF",
        "type": "sunssf",
        "size": 1,
        "mandatory": "M",
        "desc": "Scale factor for cell voltage."
      },
      {
        "name": "Tmp_SF",
        "type": "sunssf",
        "size": 1,
        "mandatory": "M",
        "desc": "Scale factor for module temperature."
      }
    ],
    "groups": [
      {
        "name": "lithium-ion-module-cell",
        "type": "group",
        "count": 0,
        "points": [
          {
            "name": "CellV",
            "type": "uint16",
            "size": 1,
            "sf": "CellV_SF",
            "units": "V",
            "mandatory": "M",
            "label": "Cell Voltage",
            "desc": "Cell terminal voltage."
          },
          {
            "name": "CellTmp",
            "type": "int16",
            "size": 1,
            "sf": "Tmp_SF",
            "units": "C",
            "mandatory": "M",
            "label": "Cell Temperature",
            "desc": "Cell temperature."
          },
          {
            "name": "CellSt",
            "type": "bitfield32",
            "size": 2,
            "label": "Cell Status",
            "desc": "Status of the cell.",
            "symbols": [
              {
                "name": "CELL_IS_BALANCING",
                "value": 0,
                "label": "Cell Is Balancing",
                "desc": "Cell is currently being balanced."
              }
            ]
          }
        ]
      }
    ]
  },
  "id": 805
}