{
  "group": {
    "name": "EIconfig",
    "type": "group",
    "label": "PWRcell Configuration",
    "desc": "Configure PWRcell system settings",
    "points": [
      {
        "name": "ID",
        "type": "uint16",
        "size": 1,
        "mandatory": "M",
        "static": "S",
        "label": "Model ID",
        "desc": "Model identifier",
        "value": 64206
      },
      {
        "name": "L",
        "type": "uint16",
        "size": 1,
        "mandatory": "M",
        "static": "S",
        "label": "Model Length",
        "desc": "Model length"
      },
      {
        "name": "Conn",
        "type": "enum16",
        "size": 1,
        "access": "RW",
        "mandatory": "M",
        "label": "Enable inverter",
        "desc": "Enable inverter",
        "symbols": [
          {
            "name": "DISABLED",
            "value": 0
          },
          {
            "name": "ENABLED",
            "value": 1
          }
        ]
      },
      {
        "name": "Pwd",
        "type": "uint64",
        "size": 4,
        "access": "RW",
        "mandatory": "M",
        "label": "Access code",
        "desc": "Access code"
      },
      {
        "name": "SRD",
        "type": "enum16",
        "size": 1,
        "mandatory": "M",
        "label": "Compliance selection",
        "desc": "Select which utility your inverter is being installed under.",
        "symbols": [
          {
            "name": "IEEE_1547",
            "value": 0
          },
          {
            "name": "RULE_14H_1",
            "value": 1
          },
          {
            "name": "RULE_14H_2",
            "value": 2
          },
          {
            "name": "RULE_21",
            "value": 3
          },
          {
            "name": "RULE_PREPA",
            "value": 4
          },
          {
            "name": "ISONE",
            "value": 5
          },
          {
            "name": "RULE_LADWP",
            "value": 6
          },
          {
            "name": "RULE_PECO",
            "value": 7
          },
          {
            "name": "RULE_MISO",
            "value": 8
          }
        ]
      },
      {
        "name": "Def",
        "type": "enum16",
        "size": 1,
        "mandatory": "M",
        "label": "Compliance settings defaulted",
        "desc": "Indicates whether or not the default settings from the Compliance Selection field have been applied.",
        "symbols": [
          {
            "name": "NOT_DEFAULTED",
            "value": 0
          },
          {
            "name": "DEFAULTED",
            "value": 1
          },
          {
            "name": "UNKNOWN",
            "value": 2
          }
        ]
      },
      {
        "name": "ZExp",
        "type": "enum16",
        "size": 1,
        "access": "RW",
        "mandatory": "M",
        "label": "Export Limiting",
        "desc": "When enabled, reduces the inverter exporting power to the utility grid to the value of Export Limit (below). NOTE: THIS IS A SET ONCE ATTRIBUTE. To unset Export Limiting, please contact Generac.",
        "symbols": [
          {
            "name": "DISABLED",
            "value": 0
          },
          {
            "name": "ENABLED",
            "value": 1
          }
        ]
      },
      {
        "name": "IslandEna",
        "type": "enum16",
        "size": 1,
        "access": "RW",
        "mandatory": "M",
        "label": "Enable Islanding",
        "symbols": [
          {
            "name": "ISLANDING_DISABLED",
            "value": 0
          },
          {
            "name": "ISLANDING_ENABLED",
            "value": 1
          }
        ]
      },
      {
        "name": "ActSysMds",
        "type": "bitfield16",
        "size": 1,
        "access": "RW",
        "mandatory": "M",
        "label": "Enabled SysModes",
        "desc": "Select the Operational Modes that will be available to this installation",
        "symbols": [
          {
            "name": "SAFETY_SHUTDOWN",
            "value": 0
          },
          {
            "name": "GRID_TIE",
            "value": 1
          },
          {
            "name": "SELF_SUPPLY",
            "value": 2
          },
          {
            "name": "CLEAN_BACKUP",
            "value": 3
          },
          {
            "name": "PRIORITY_BACKUP",
            "value": 4
          },
          {
            "name": "REMOTE_ARBITRAGE",
            "value": 5
          },
          {
            "name": "SELL",
            "value": 6
          }
        ]
      },
      {
        "name": "CTTrig",
        "type": "enum16",
        "size": 1,
        "access": "RW",
        "mandatory": "M",
        "label": "Trigger CT calibration",
        "desc": "Trigger CT calibration",
        "symbols": [
          {
            "name": "AUTO",
            "value": 0
          },
          {
            "name": "TRIGGER",
            "value": 1
          }
        ]
      },
      {
        "name": "ClrDisp",
        "type": "enum16",
        "size": 1,
        "access": "RW",
        "mandatory": "M",
        "label": "Clear display",
        "desc": "Clear offline devices and reset the LCD display on the front cover of the inverter",
        "symbols": [
          {
            "name": "NO",
            "value": 0
          },
          {
            "name": "CLEAR",
            "value": 1
          }
        ]
      },
      {
        "name": "PLMCh",
        "type": "enum16",
        "size": 1,
        "access": "RW",
        "mandatory": "M",
        "label": "PLM channel",
        "desc": "Power line modem channel. Default is channel 1",
        "symbols": [
          {
            "name": "CH_0",
            "value": 0
          },
          {
            "name": "CH_1",
            "value": 1
          },
          {
            "name": "CH_2",
            "value": 2
          },
          {
            "name": "CH_3",
            "value": 3
          },
          {
            "name": "CH_4",
            "value": 4
          },
          {
            "name": "CH_5",
            "value": 5
          },
          {
            "name": "CH_6",
            "value": 6
          },
          {
            "name": "CH_7",
            "value": 7
          },
          {
            "name": "CH_8",
            "value": 8
          },
          {
            "name": "CH_9",
            "value": 9
          },
          {
            "name": "CH_10",
            "value": 10
          },
          {
            "name": "CH_11",
            "value": 11
          },
          {
            "name": "CH_12",
            "value": 12
          }
        ]
      },
      {
        "name": "PLMEna",
        "type": "enum16",
        "size": 1,
        "access": "RW",
        "mandatory": "M",
        "label": "PLM enable",
        "desc": "Enable the inverter's power line modem. Do not disable unless guided by Generac Technical Support",
        "symbols": [
          {
            "name": "PLM_DISABLED",
            "value": 0
          },
          {
            "name": "PLM_ENABLED",
            "value": 1
          }
        ]
      },
      {
        "name": "GPLMRst",
        "type": "enum16",
        "size": 1,
        "access": "RW",
        "mandatory": "M",
        "label": "Global PLM Reset",
        "desc": "Reset all online devices (including those currently on different channels) to the default PLM channel (Ch 1)",
        "symbols": [
          {
            "name": "RESET",
            "value": 1
          }
        ]
      },
      {
        "name": "GPLMCh",
        "type": "enum16",
        "size": 1,
        "access": "RW",
        "mandatory": "M",
        "label": "PLM Group Set",
        "desc": "Set PLM channel for all devices (including inverter) that are currently on the inverter's channel (PLMCh) to the channel indicated by this register. This will not affect devices that aren't currently on PLMCh. PLMCh will also be set to the value of this register.",
        "symbols": [
          {
            "name": "NONE",
            "value": 0
          },
          {
            "name": "CH_1",
            "value": 1
          },
          {
            "name": "CH_2",
            "value": 2
          },
          {
            "name": "CH_3",
            "value": 3
          },
          {
            "name": "CH_4",
            "value": 4
          },
          {
            "name": "CH_5",
            "value": 5
          },
          {
            "name": "CH_6",
            "value": 6
          },
          {
            "name": "CH_7",
            "value": 7
          },
          {
            "name": "CH_8",
            "value": 8
          },
          {
            "name": "CH_9",
            "value": 9
          },
          {
            "name": "CH_10",
            "value": 10
          },
          {
            "name": "CH_11",
            "value": 11
          },
          {
            "name": "CH_12",
            "value": 12
          }
        ]
      },
      {
        "name": "SS_Src",
        "type": "uint16",
        "size": 1,
        "units": "W",
        "access": "RW",
        "mandatory": "M",
        "label": "Self Supply Source Power",
        "desc": "When in Self-Supply, the CT import power level above which causes the inverter to start exporting. With sufficient battery storage and/or PV generation, this will be the maximum load the meter will see."
      },
      {
        "name": "SS_Sink",
        "type": "uint16",
        "size": 1,
        "units": "W",
        "access": "RW",
        "mandatory": "M",
        "label": "Self Supply Sink Power",
        "desc": "When in Self-Supply, the CT import power level below which causes the inverter to start importing. (i.e., max rate to charge batteries from the grid)"
      },
      {
        "name": "XFREna",
        "type": "enum16",
        "size": 1,
        "access": "RW",
        "mandatory": "M",
        "label": "Enable External Transfer",
        "desc": "Enable the use of an external transfer switch",
        "symbols": [
          {
            "name": "DISABLED",
            "value": 0
          },
          {
            "name": "ENABLED",
            "value": 1
          }
        ]
      },
      {
        "name": "XFRV_sf",
        "type": "sunssf",
        "size": 1,
        "mandatory": "M"
      },
      {
        "name": "XFRV",
        "type": "uint16",
        "size": 1,
        "sf": "XFRV_sf",
        "units": "V",
        "access": "RW",
        "mandatory": "M",
        "label": "External Transfer Voltage",
        "desc": "Grid voltage below which to transfer local loads to the inverter, and above which to transfer loads to utility mains."
      },
      {
        "name": "XFRTms",
        "type": "uint16",
        "size": 1,
        "units": "s",
        "access": "RW",
        "mandatory": "M",
        "label": "External Transfer timeout",
        "desc": "Amount of time after grid voltage returns to transfer local loads back to the utility mains. Grid voltage must be above External Transer Voltage for the entire time."
      },
      {
        "name": "ZImp",
        "type": "enum16",
        "size": 1,
        "access": "RW",
        "mandatory": "M",
        "label": "Zero Import",
        "desc": "When enabled, prevents the batteries from charging with utility power. NOTE: THIS IS A SET ONCE ATTRIBUTE. This feature is only available for inverter firmware version >13130. To unset Zero Import or request a firmware update, please contact Generac.",
        "symbols": [
          {
            "name": "DISABLED",
            "value": 0
          },
          {
            "name": "ENABLED",
            "value": 1
          },
          {
            "name": "N/A",
            "value": 32768
          }
        ]
      },
      {
        "name": "ZExpLim",
        "type": "uint16",
        "size": 1,
        "units": "W",
        "access": "RW",
        "mandatory": "M",
        "label": "Export Limit",
        "desc": "\n        The limit, in watts, that the inverter is allowed to push onto the grid. This setting will only take effect if Export Limiting (above) is ENABLED.\n        NOTE: This value can only be lowered. This feature is only available for inverter firmware version >13200. For older firmware versions, the value 32768 may appear, and it can be ignored. To reset this limit or request a firmware update, please contact Generac.\n        NOTE: This feature requires CTs to be properly installed and calibrated prior to use. For more information on CT calibration, see the PWRcell Inverter Installation Manual.\n      "
      },
      {
        "name": "Pad2",
        "type": "pad",
        "size": 1,
        "mandatory": "M",
        "label": "Pad",
        "desc": "Large pad for future model expansion"
      },
      {
        "name": "Pad3",
        "type": "pad",
        "size": 1,
        "mandatory": "M"
      },
      {
        "name": "Pad4",
        "type": "pad",
        "size": 1,
        "mandatory": "M"
      },
      {
        "name": "Pad5",
        "type": "pad",
        "size": 1,
        "mandatory": "M"
      },
      {
        "name": "Pad6",
        "type": "pad",
        "size": 1,
        "mandatory": "M"
      },
      {
        "name": "Pad7",
        "type": "pad",
        "size": 1,
        "mandatory": "M"
      },
      {
        "name": "Pad8",
        "type": "pad",
        "size": 1,
        "mandatory": "M"
      },
      {
        "name": "Pad9",
        "type": "pad",
        "size": 1,
        "mandatory": "M"
      },
      {
        "name": "Pad10",
        "type": "pad",
        "size": 1,
        "mandatory": "M"
      },
      {
        "name": "Pad11",
        "type": "pad",
        "size": 1,
        "mandatory": "M"
      },
      {
        "name": "Pad12",
        "type": "pad",
        "size": 1,
        "mandatory": "M"
      },
      {
        "name": "Pad13",
        "type": "pad",
        "size": 1,
        "mandatory": "M"
      },
      {
        "name": "Pad14",
        "type": "pad",
        "size": 1,
        "mandatory": "M"
      },
      {
        "name": "Pad15",
        "type": "pad",
        "size": 1,
        "mandatory": "M"
      },
      {
        "name": "Pad16",
        "type": "pad",
        "size": 1,
        "mandatory": "M"
      },
      {
        "name": "Pad17",
        "type": "pad",
        "size": 1,
        "mandatory": "M"
      },
      {
        "name": "Pad18",
        "type": "pad",
        "size": 1,
        "mandatory": "M"
      },
      {
        "name": "Pad19",
        "type": "pad",
        "size": 1,
        "mandatory": "M"
      },
      {
        "name": "Pad20",
        "type": "pad",
        "size": 1,
        "mandatory": "M"
      },
      {
        "name": "Pad21",
        "type": "pad",
        "size": 1,
        "mandatory": "M"
      },
      {
        "name": "Pad22",
        "type": "pad",
        "size": 1,
        "mandatory": "M"
      },
      {
        "name": "Pad23",
        "type": "pad",
        "size": 1,
        "mandatory": "M"
      }
    ]
  },
  "id": 64206
}