{
  "group": {
    "name": "volt_watt",
    "type": "group",
    "label": "Volt-Watt",
    "desc": "Volt-Watt ",
    "points": [
      {
        "name": "ID",
        "type": "uint16",
        "size": 1,
        "mandatory": "M",
        "static": "S",
        "label": "Model ID",
        "desc": "Model identifier",
        "value": 132
      },
      {
        "name": "L",
        "type": "uint16",
        "size": 1,
        "mandatory": "M",
        "static": "S",
        "label": "Model Length",
        "desc": "Model length"
      },
      {
        "name": "ActCrv",
        "type": "uint16",
        "size": 1,
        "access": "RW",
        "mandatory": "M",
        "label": "ActCrv",
        "desc": "Index of active curve. 0 = no active curve"
      },
      {
        "name": "ModEna",
        "type": "bitfield16",
        "size": 1,
        "access": "RW",
        "mandatory": "M",
        "label": "ModEna",
        "desc": "Is Volt-Watt control active",
        "symbols": [
          {
            "name": "ENABLED",
            "value": 0
          }
        ]
      },
      {
        "name": "WinTms",
        "type": "uint16",
        "size": 1,
        "units": "Secs",
        "access": "RW",
        "label": "WinTms",
        "desc": "Time window for volt-watt change"
      },
      {
        "name": "RvrtTms",
        "type": "uint16",
        "size": 1,
        "units": "Secs",
        "access": "RW",
        "label": "RvrtTms",
        "desc": "Timeout period for volt-watt curve selection"
      },
      {
        "name": "RmpTms",
        "type": "uint16",
        "size": 1,
        "units": "Secs",
        "access": "RW",
        "label": "RmpTms",
        "desc": "Ramp time for moving from current mode to new mode"
      },
      {
        "name": "NCrv",
        "type": "uint16",
        "size": 1,
        "mandatory": "M",
        "label": "NCrv",
        "desc": "Number of curves supported (recommend min. 4)"
      },
      {
        "name": "NPt",
        "type": "uint16",
        "size": 1,
        "mandatory": "M",
        "label": "NPt",
        "desc": "Number of points in array (maximum 20)"
      },
      {
        "name": "V_SF",
        "type": "sunssf",
        "size": 1,
        "mandatory": "M",
        "label": "V_SF",
        "desc": "Scale factor for percent VRef"
      },
      {
        "name": "DeptRef_SF",
        "type": "sunssf",
        "size": 1,
        "mandatory": "M",
        "label": "DeptRef_SF",
        "desc": "Scale Factor for %DeptRef"
      },
      {
        "name": "RmpIncDec_SF",
        "type": "sunssf",
        "size": 1,
        "label": "RmpIncDec_SF",
        "desc": "Scale factor for increment and decrement ramps"
      }
    ],
    "groups": [
      {
        "name": "curve",
        "type": "group",
        "count": 0,
        "points": [
          {
            "name": "ActPt",
            "type": "uint16",
            "size": 1,
            "access": "RW",
            "mandatory": "M",
            "label": "ActPt",
            "desc": "Number of active points in array"
          },
          {
            "name": "DeptRef",
            "type": "enum16",
            "size": 1,
            "access": "RW",
            "mandatory": "M",
            "label": "DeptRef",
            "desc": "Meaning of dependent variable: 1=%WMax 2=%WAvail",
            "symbols": [
              {
                "name": "%WMax",
                "value": 1
              },
              {
                "name": "%WAval",
                "value": 2
              }
            ]
          },
          {
            "name": "V1",
            "type": "uint16",
            "size": 1,
            "sf": "V_SF",
            "units": "%VRef",
            "access": "RW",
            "mandatory": "M",
            "label": "V1",
            "desc": "Point 1 Volts"
          },
          {
            "name": "W1",
            "type": "int16",
            "size": 1,
            "sf": "DeptRef_SF",
            "units": "%DeptRef",
            "access": "RW",
            "mandatory": "M",
            "label": "W1",
            "desc": "Point 1 Watts"
          },
          {
            "name": "V2",
            "type": "uint16",
            "size": 1,
            "sf": "V_SF",
            "units": "%VRef",
            "access": "RW",
            "label": "V2",
            "desc": "Point 2 Volts"
          },
          {
            "name": "W2",
            "type": "int16",
            "size": 1,
            "sf": "DeptRef_SF",
            "units": "%DeptRef",
            "access": "RW",
            "label": "W2",
            "desc": "Point 2 Watts"
          },
          {
            "name": "V3",
            "type": "uint16",
            "size": 1,
            "sf": "V_SF",
            "units": "%VRef",
            "access": "RW",
            "label": "V3",
            "desc": "Point 3 Volts"
          },
          {
            "name": "W3",
            "type": "int16",
            "size": 1,
            "sf": "DeptRef_SF",
            "units": "%DeptRef",
            "access": "RW",
            "label": "W3",
            "desc": "Point 3 Watts"
          },
          {
            "name": "V4",
            "type": "uint16",
            "size": 1,
            "sf": "V_SF",
            "units": "%VRef",
            "access": "RW",
            "label": "V4",
            "desc": "Point 4 Volts"
          },
          {
            "name": "W4",
            "type": "int16",
            "size": 1,
            "sf": "DeptRef_SF",
            "units": "%DeptRef",
            "access": "RW",
            "label": "W4",
            "desc": "Point 4 Watts"
          },
          {
            "name": "V5",
            "type": "uint16",
            "size": 1,
            "sf": "V_SF",
            "units": "%VRef",
            "access": "RW",
            "label": "V5",
            "desc": "Point 5 Volts"
          },
          {
            "name": "W5",
            "type": "int16",
            "size": 1,
            "sf": "DeptRef_SF",
            "units": "%DeptRef",
            "access": "RW",
            "label": "W5",
            "desc": "Point 5 Watts"
          },
          {
            "name": "V6",
            "type": "uint16",
            "size": 1,
            "sf": "V_SF",
            "units": "%VRef",
            "access": "RW",
            "label": "V6",
            "desc": "Point 6 Volts"
          },
          {
            "name": "W6",
            "type": "int16",
            "size": 1,
            "sf": "DeptRef_SF",
            "units": "%DeptRef",
            "access": "RW",
            "label": "W6",
            "desc": "Point 6 Watts"
          },
          {
            "name": "V7",
            "type": "uint16",
            "size": 1,
            "sf": "V_SF",
            "units": "%VRef",
            "access": "RW",
            "label": "V7",
            "desc": "Point 7 Volts"
          },
          {
            "name": "W7",
            "type": "int16",
            "size": 1,
            "sf": "DeptRef_SF",
            "units": "%DeptRef",
            "access": "RW",
            "label": "W7",
            "desc": "Point 7 Watts"
          },
          {
            "name": "V8",
            "type": "uint16",
            "size": 1,
            "sf": "V_SF",
            "units": "%VRef",
            "access": "RW",
            "label": "V8",
            "desc": "Point 8 Volts"
          },
          {
            "name": "W8",
            "type": "int16",
            "size": 1,
            "sf": "DeptRef_SF",
            "units": "%DeptRef",
            "access": "RW",
            "label": "W8",
            "desc": "Point 8 Watts"
          },
          {
            "name": "V9",
            "type": "uint16",
            "size": 1,
            "sf": "V_SF",
            "units": "%VRef",
            "access": "RW",
            "label": "V9",
            "desc": "Point 9 Volts"
          },
          {
            "name": "W9",
            "type": "int16",
            "size": 1,
            "sf": "DeptRef_SF",
            "units": "%DeptRef",
            "access": "RW",
            "label": "W9",
            "desc": "Point 9 Watts"
          },
          {
            "name": "V10",
            "type": "uint16",
            "size": 1,
            "sf": "V_SF",
            "units": "%VRef",
            "access": "RW",
            "label": "V10",
            "desc": "Point 10 Volts"
          },
          {
            "name": "W10",
            "type": "int16",
            "size": 1,
            "sf": "DeptRef_SF",
            "units": "%DeptRef",
            "access": "RW",
            "label": "W10",
            "desc": "Point 10 Watts"
          },
          {
            "name": "V11",
            "type": "uint16",
            "size": 1,
            "sf": "V_SF",
            "units": "%VRef",
            "access": "RW",
            "label": "V11",
            "desc": "Point 11 Volts"
          },
          {
            "name": "W11",
            "type": "int16",
            "size": 1,
            "sf": "DeptRef_SF",
            "units": "%DeptRef",
            "access": "RW",
            "label": "W11",
            "desc": "Point 11 Watts"
          },
          {
            "name": "V12",
            "type": "uint16",
            "size": 1,
            "sf": "V_SF",
            "units": "%VRef",
            "access": "RW",
            "label": "V12",
            "desc": "Point 12 Volts"
          },
          {
            "name": "W12",
            "type": "int16",
            "size": 1,
            "sf": "DeptRef_SF",
            "units": "%DeptRef",
            "access": "RW",
            "label": "W12",
            "desc": "Point 12 Watts"
          },
          {
            "name": "V13",
            "type": "uint16",
            "size": 1,
            "sf": "V_SF",
            "units": "%VRef",
            "access": "RW",
            "label": "V13",
            "desc": "Point 13 Volts"
          },
          {
            "name": "W13",
            "type": "int16",
            "size": 1,
            "sf": "DeptRef_SF",
            "units": "%DeptRef",
            "access": "RW",
            "label": "W13",
            "desc": "Point 13 Watts"
          },
          {
            "name": "V14",
            "type": "uint16",
            "size": 1,
            "sf": "V_SF",
            "units": "%VRef",
            "access": "RW",
            "label": "V14",
            "desc": "Point 14 Volts"
          },
          {
            "name": "W14",
            "type": "int16",
            "size": 1,
            "sf": "DeptRef_SF",
            "units": "%DeptRef",
            "access": "RW",
            "label": "W14",
            "desc": "Point 14 Watts"
          },
          {
            "name": "V15",
            "type": "uint16",
            "size": 1,
            "sf": "V_SF",
            "units": "%VRef",
            "access": "RW",
            "label": "V15",
            "desc": "Point 15 Volts"
          },
          {
            "name": "W15",
            "type": "int16",
            "size": 1,
            "sf": "DeptRef_SF",
            "units": "%DeptRef",
            "access": "RW",
            "label": "W15",
            "desc": "Point 15 Watts"
          },
          {
            "name": "V16",
            "type": "uint16",
            "size": 1,
            "sf": "V_SF",
            "units": "%VRef",
            "access": "RW",
            "label": "V16",
            "desc": "Point 16 Volts"
          },
          {
            "name": "W16",
            "type": "int16",
            "size": 1,
            "sf": "DeptRef_SF",
            "units": "%DeptRef",
            "access": "RW",
            "label": "W16",
            "desc": "Point 16 Watts"
          },
          {
            "name": "V17",
            "type": "uint16",
            "size": 1,
            "sf": "V_SF",
            "units": "%VRef",
            "access": "RW",
            "label": "V17",
            "desc": "Point 17 Volts"
          },
          {
            "name": "W17",
            "type": "int16",
            "size": 1,
            "sf": "DeptRef_SF",
            "units": "%DeptRef",
            "access": "RW",
            "label": "W17",
            "desc": "Point 17 Watts"
          },
          {
            "name": "V18",
            "type": "uint16",
            "size": 1,
            "sf": "V_SF",
            "units": "%VRef",
            "access": "RW",
            "label": "V18",
            "desc": "Point 18 Volts"
          },
          {
            "name": "W18",
            "type": "int16",
            "size": 1,
            "sf": "DeptRef_SF",
            "units": "%DeptRef",
            "access": "RW",
            "label": "W18",
            "desc": "Point 18 Watts"
          },
          {
            "name": "V19",
            "type": "uint16",
            "size": 1,
            "sf": "V_SF",
            "units": "%VRef",
            "access": "RW",
            "label": "V19",
            "desc": "Point 19 Volts"
          },
          {
            "name": "W19",
            "type": "int16",
            "size": 1,
            "sf": "DeptRef_SF",
            "units": "%DeptRef",
            "access": "RW",
            "label": "W19",
            "desc": "Point 19 Watts"
          },
          {
            "name": "V20",
            "type": "uint16",
            "size": 1,
            "sf": "V_SF",
            "units": "%VRef",
            "access": "RW",
            "label": "V20",
            "desc": "Point 20 Volts"
          },
          {
            "name": "W20",
            "type": "int16",
            "size": 1,
            "sf": "DeptRef_SF",
            "units": "%DeptRef",
            "access": "RW",
            "label": "W20",
            "desc": "Point 20 Watts"
          },
          {
            "name": "CrvNam",
            "type": "string",
            "size": 8,
            "access": "RW",
            "label": "CrvNam",
            "desc": "Optional description for curve"
          },
          {
            "name": "RmpPt1Tms",
            "type": "uint16",
            "size": 1,
            "units": "Secs",
            "access": "RW",
            "label": "RmpPt1Tms",
            "desc": "The time of the PT1 in seconds (time to accomplish a change of 95%)"
          },
          {
            "name": "RmpDecTmm",
            "type": "uint16",
            "size": 1,
            "sf": "RmpIncDec_SF",
            "units": "%WMax/min",
            "access": "RW",
            "label": "RmpDecTmm",
            "desc": "The maximum rate at which the watt value may be reduced in response to changes in the voltage value"
          },
          {
            "name": "RmpIncTmm",
            "type": "uint16",
            "size": 1,
            "sf": "RmpIncDec_SF",
            "units": "%WMax/min",
            "access": "RW",
            "label": "RmpIncTmm",
            "desc": "The maximum rate at which the watt value may be increased in response to changes in the voltage value"
          },
          {
            "name": "ReadOnly",
            "type": "enum16",
            "size": 1,
            "mandatory": "M",
            "label": "ReadOnly",
            "desc": "Enumerated value indicates if curve is read-only or can be modified",
            "symbols": [
              {
                "name": "READWRITE",
                "value": 0
              },
              {
                "name": "READONLY",
                "value": 1
              }
            ]
          }
        ]
      }
    ]
  },
  "id": 132
}