{
  "group": {
    "name": "SA_defaults",
    "type": "group",
    "label": "Utility Compliance Configuration",
    "desc": "Configure inverter settings based on utility requirements",
    "points": [
      {
        "name": "ID",
        "type": "uint16",
        "size": 1,
        "mandatory": "M",
        "static": "S",
        "label": "Model ID",
        "desc": "Model identifier",
        "value": 64205
      },
      {
        "name": "L",
        "type": "uint16",
        "size": 1,
        "mandatory": "M",
        "static": "S",
        "label": "Model Length",
        "desc": "Model length"
      },
      {
        "name": "SRD",
        "type": "enum16",
        "size": 1,
        "access": "RW",
        "mandatory": "M",
        "label": "Compliance selection",
        "desc": "Select which utility your inverter is being installed under.",
        "symbols": [
          {
            "name": "IEEE_1547",
            "value": 0
          },
          {
            "name": "RULE_14H_1",
            "value": 1
          },
          {
            "name": "RULE_14H_2",
            "value": 2
          },
          {
            "name": "RULE_21",
            "value": 3
          },
          {
            "name": "RULE_PREPA",
            "value": 4
          },
          {
            "name": "ISONE",
            "value": 5
          },
          {
            "name": "RULE_LADWP",
            "value": 6
          },
          {
            "name": "RULE_PECO",
            "value": 7
          },
          {
            "name": "RULE_MISO",
            "value": 8
          }
        ]
      },
      {
        "name": "Def",
        "type": "enum16",
        "size": 1,
        "mandatory": "M",
        "label": "Defaulted",
        "desc": "Indicates whether or not the default settings from the Compliance Selection field have been applied.",
        "symbols": [
          {
            "name": "NOT_DEFAULTED",
            "value": 0
          },
          {
            "name": "DEFAULTED",
            "value": 1
          },
          {
            "name": "UNKNOWN",
            "value": 2
          }
        ]
      }
    ]
  },
  "id": 64205
}