{
  "group": {
    "name": "flow_battery_stack",
    "type": "group",
    "label": "Flow Battery Stack Model",
    "points": [
      {
        "name": "ID",
        "type": "uint16",
        "size": 1,
        "mandatory": "M",
        "static": "S",
        "label": "Model ID",
        "desc": "Model identifier",
        "value": 809
      },
      {
        "name": "L",
        "type": "uint16",
        "size": 1,
        "mandatory": "M",
        "static": "S",
        "label": "Model Length",
        "desc": "Model length"
      },
      {
        "name": "StackTBD",
        "type": "uint16",
        "size": 1,
        "mandatory": "M",
        "label": "Stack Points To Be Determined"
      }
    ],
    "groups": [
      {
        "name": "cell",
        "type": "group",
        "count": 0,
        "points": [
          {
            "name": "CellTBD",
            "type": "uint16",
            "size": 1,
            "mandatory": "M",
            "label": "Cell Points To Be Determined"
          }
        ]
      }
    ]
  },
  "id": 809
}