{
  "group": {
    "name": "ac_meter",
    "type": "group",
    "label": "Secure AC Meter Selected Readings",
    "desc": "Include this model for secure metering",
    "points": [
      {
        "name": "ID",
        "type": "uint16",
        "size": 1,
        "mandatory": "M",
        "static": "S",
        "label": "Model ID",
        "desc": "Model identifier",
        "value": 220
      },
      {
        "name": "L",
        "type": "uint16",
        "size": 1,
        "mandatory": "M",
        "static": "S",
        "label": "Model Length",
        "desc": "Model length"
      },
      {
        "name": "A",
        "type": "int16",
        "size": 1,
        "sf": "A_SF",
        "units": "A",
        "mandatory": "M",
        "label": "Amps",
        "desc": "Total AC Current"
      },
      {
        "name": "A_SF",
        "type": "sunssf",
        "size": 1,
        "mandatory": "M",
        "desc": "Current scale factor"
      },
      {
        "name": "PhV",
        "type": "int16",
        "size": 1,
        "sf": "V_SF",
        "units": "V",
        "label": "Voltage",
        "desc": "Average phase or line voltage"
      },
      {
        "name": "V_SF",
        "type": "sunssf",
        "size": 1,
        "mandatory": "M",
        "desc": "Voltage scale factor"
      },
      {
        "name": "Hz",
        "type": "int16",
        "size": 1,
        "sf": "Hz_SF",
        "units": "Hz",
        "mandatory": "M",
        "label": "Hz",
        "desc": "Frequency"
      },
      {
        "name": "Hz_SF",
        "type": "sunssf",
        "size": 1,
        "desc": "Frequency scale factor"
      },
      {
        "name": "W",
        "type": "int16",
        "size": 1,
        "sf": "W_SF",
        "units": "W",
        "mandatory": "M",
        "label": "Watts",
        "desc": "Total Real Power"
      },
      {
        "name": "W_SF",
        "type": "sunssf",
        "size": 1,
        "mandatory": "M",
        "desc": "Real Power scale factor"
      },
      {
        "name": "VA",
        "type": "int16",
        "size": 1,
        "sf": "VA_SF",
        "units": "VA",
        "label": "VA",
        "desc": "AC Apparent Power"
      },
      {
        "name": "VA_SF",
        "type": "sunssf",
        "size": 1,
        "desc": "Apparent Power scale factor"
      },
      {
        "name": "VAR",
        "type": "int16",
        "size": 1,
        "sf": "VAR_SF",
        "units": "var",
        "label": "VAR",
        "desc": "Reactive Power"
      },
      {
        "name": "VAR_SF",
        "type": "sunssf",
        "size": 1,
        "desc": "Reactive Power scale factor"
      },
      {
        "name": "PF",
        "type": "int16",
        "size": 1,
        "sf": "PF_SF",
        "units": "Pct",
        "label": "PF",
        "desc": "Power Factor"
      },
      {
        "name": "PF_SF",
        "type": "sunssf",
        "size": 1,
        "desc": "Power Factor scale factor"
      },
      {
        "name": "TotWhExp",
        "type": "acc32",
        "size": 2,
        "sf": "TotWh_SF",
        "units": "Wh",
        "mandatory": "M",
        "label": "Total Watt-hours Exported",
        "desc": "Total Real Energy Exported"
      },
      {
        "name": "TotWhImp",
        "type": "acc32",
        "size": 2,
        "sf": "TotWh_SF",
        "units": "Wh",
        "mandatory": "M",
        "label": "Total Watt-hours Imported",
        "desc": "Total Real Energy Imported"
      },
      {
        "name": "TotWh_SF",
        "type": "sunssf",
        "size": 1,
        "mandatory": "M",
        "desc": "Real Energy scale factor"
      },
      {
        "name": "TotVAhExp",
        "type": "acc32",
        "size": 2,
        "sf": "TotVAh_SF",
        "units": "VAh",
        "label": "Total VA-hours Exported",
        "desc": "Total Apparent Energy Exported"
      },
      {
        "name": "TotVAhImp",
        "type": "acc32",
        "size": 2,
        "sf": "TotVAh_SF",
        "units": "VAh",
        "label": "Total VA-hours Imported",
        "desc": "Total Apparent Energy Imported"
      },
      {
        "name": "TotVAh_SF",
        "type": "sunssf",
        "size": 1,
        "desc": "Apparent Energy scale factor"
      },
      {
        "name": "TotVArhImpQ1",
        "type": "acc32",
        "size": 2,
        "sf": "TotVArh_SF",
        "units": "varh",
        "label": "Total VAR-hours Imported Q1",
        "desc": "Total Reactive Energy Imported Quadrant 1"
      },
      {
        "name": "TotVArhImpQ2",
        "type": "acc32",
        "size": 2,
        "sf": "TotVArh_SF",
        "units": "varh",
        "label": "Total VAr-hours Imported Q2",
        "desc": "Total Reactive Power Imported Quadrant 2"
      },
      {
        "name": "TotVArhExpQ3",
        "type": "acc32",
        "size": 2,
        "sf": "TotVArh_SF",
        "units": "varh",
        "label": "Total VAr-hours Exported Q3",
        "desc": "Total Reactive Power Exported Quadrant 3"
      },
      {
        "name": "TotVArhExpQ4",
        "type": "acc32",
        "size": 2,
        "sf": "TotVArh_SF",
        "units": "varh",
        "label": "Total VAr-hours Exported Q4",
        "desc": "Total Reactive Power Exported Quadrant 4"
      },
      {
        "name": "TotVArh_SF",
        "type": "sunssf",
        "size": 1,
        "desc": "Reactive Energy scale factor"
      },
      {
        "name": "Evt",
        "type": "bitfield32",
        "size": 2,
        "mandatory": "M",
        "label": "Events",
        "desc": "Meter Event Flags",
        "symbols": [
          {
            "name": "Power_Failure",
            "value": 2,
            "label": "Power Failure",
            "desc": "Loss of power or phase"
          },
          {
            "name": "Under_Voltage",
            "value": 3,
            "label": "Under Voltage",
            "desc": "Voltage below threshold (Phase Loss)"
          },
          {
            "name": "Low_PF",
            "value": 4,
            "label": "Low PF",
            "desc": "Power Factor below threshold"
          },
          {
            "name": "Over_Current",
            "value": 5,
            "label": "Over Current",
            "desc": "Current Input over threshold"
          },
          {
            "name": "Over_Voltage",
            "value": 6,
            "label": "Over Voltage",
            "desc": "Voltage Input over threshold"
          },
          {
            "name": "Missing_Sensor",
            "value": 7,
            "label": "Missing Sensor",
            "desc": "Sensor not connected"
          },
          {
            "name": "OEM01",
            "value": 16,
            "label": "OEM01",
            "desc": "Reserved for OEM use"
          },
          {
            "name": "OEM02",
            "value": 17,
            "label": "OEM02",
            "desc": "Reserved for OEM use"
          },
          {
            "name": "OEM03",
            "value": 18,
            "label": "OEM01",
            "desc": "Reserved for OEM use"
          },
          {
            "name": "OEM04",
            "value": 19,
            "label": "OEM04",
            "desc": "Reserved for OEM use"
          },
          {
            "name": "OEM05",
            "value": 20,
            "label": "OEM05",
            "desc": "Reserved for OEM use"
          },
          {
            "name": "OEM06",
            "value": 21,
            "label": "OEM06",
            "desc": "Reserved for OEM use"
          },
          {
            "name": "OEM07",
            "value": 22,
            "label": "OEM07",
            "desc": "Reserved for OEM use"
          },
          {
            "name": "OEM08",
            "value": 23,
            "label": "OEM08",
            "desc": "Reserved for OEM use"
          },
          {
            "name": "OEM09",
            "value": 24,
            "label": "OEM09",
            "desc": "Reserved for OEM use"
          },
          {
            "name": "OEM10",
            "value": 25,
            "label": "OEM10",
            "desc": "Reserved for OEM use"
          },
          {
            "name": "OEM11",
            "value": 26,
            "label": "OEM11",
            "desc": "Reserved for OEM use"
          },
          {
            "name": "OEM12",
            "value": 27,
            "label": "OEM12",
            "desc": "Reserved for OEM use"
          },
          {
            "name": "OEM13",
            "value": 28,
            "label": "OEM13",
            "desc": "Reserved for OEM use"
          },
          {
            "name": "OEM14",
            "value": 29,
            "label": "OEM14",
            "desc": "Reserved for OEM use"
          },
          {
            "name": "OEM15",
            "value": 30,
            "label": "OEM15",
            "desc": "Reserved for OEM use"
          }
        ]
      },
      {
        "name": "Rsrvd",
        "type": "pad",
        "size": 1,
        "mandatory": "M"
      },
      {
        "name": "Ts",
        "type": "uint32",
        "size": 2,
        "mandatory": "M",
        "label": "Timestamp",
        "desc": "Timestamp value is the number of seconds since January 1, 2000"
      },
      {
        "name": "Ms",
        "type": "uint16",
        "size": 1,
        "mandatory": "M",
        "label": "Milliseconds",
        "desc": "Millisecond counter 0-999"
      },
      {
        "name": "Seq",
        "type": "uint16",
        "size": 1,
        "mandatory": "M",
        "label": "Sequence",
        "desc": "Sequence number of request"
      },
      {
        "name": "Alg",
        "type": "enum16",
        "size": 1,
        "mandatory": "M",
        "label": "Algorithm",
        "desc": "Algorithm used to compute the digital signature",
        "symbols": [
          {
            "name": "NONE",
            "value": 0,
            "label": "NONE",
            "desc": "No digital signature"
          },
          {
            "name": "AES-GMAC-64",
            "value": 1,
            "label": "AES-GMAC-64",
            "desc": "64 bit AES signature algorithm is used"
          },
          {
            "name": "ECC-256",
            "value": 2,
            "label": "ECC-256",
            "desc": "256 bit ECC signature algorithm is used"
          }
        ]
      },
      {
        "name": "N",
        "type": "uint16",
        "size": 1,
        "mandatory": "M",
        "label": "N",
        "desc": "Number of registers comprising the digital signature."
      }
    ],
    "groups": [
      {
        "name": "repeating",
        "type": "group",
        "count": 0,
        "points": [
          {
            "name": "DS",
            "type": "uint16",
            "size": 1,
            "mandatory": "M"
          }
        ]
      }
    ]
  },
  "id": 220
}