{
  "group": {
    "name": "lithium_ion_bank",
    "type": "group",
    "label": "Lithium-Ion Battery Bank Model",
    "points": [
      {
        "name": "ID",
        "type": "uint16",
        "size": 1,
        "mandatory": "M",
        "static": "S",
        "label": "Model ID",
        "desc": "Model identifier",
        "value": 803
      },
      {
        "name": "L",
        "type": "uint16",
        "size": 1,
        "mandatory": "M",
        "static": "S",
        "label": "Model Length",
        "desc": "Model length"
      },
      {
        "name": "NStr",
        "type": "uint16",
        "size": 1,
        "mandatory": "M",
        "label": "String Count",
        "desc": "Number of strings in the bank."
      },
      {
        "name": "NStrCon",
        "type": "uint16",
        "size": 1,
        "mandatory": "M",
        "label": "Connected String Count",
        "desc": "Number of strings with contactor closed."
      },
      {
        "name": "ModTmpMax",
        "type": "int16",
        "size": 1,
        "sf": "ModTmp_SF",
        "mandatory": "M",
        "label": "Max Module Temperature",
        "desc": "Maximum temperature for all modules in the bank."
      },
      {
        "name": "ModTmpMaxStr",
        "type": "uint16",
        "size": 1,
        "label": "Max Module Temperature String",
        "desc": "String containing the module with maximum temperature."
      },
      {
        "name": "ModTmpMaxMod",
        "type": "uint16",
        "size": 1,
        "label": "Max Module Temperature Module",
        "desc": "Module with maximum temperature."
      },
      {
        "name": "ModTmpMin",
        "type": "int16",
        "size": 1,
        "sf": "ModTmp_SF",
        "units": "C",
        "mandatory": "M",
        "label": "Min Module Temperature",
        "desc": "Minimum temperature for all modules in the bank."
      },
      {
        "name": "ModTmpMinStr",
        "type": "uint16",
        "size": 1,
        "label": "Min Module Temperature String",
        "desc": "String containing the module with minimum temperature."
      },
      {
        "name": "ModTmpMinMod",
        "type": "uint16",
        "size": 1,
        "label": "Min Module Temperature Module",
        "desc": "Module with minimum temperature."
      },
      {
        "name": "ModTmpAvg",
        "type": "uint16",
        "size": 1,
        "label": "Average Module Temperature",
        "desc": "Average temperature for all modules in the bank."
      },
      {
        "name": "StrVMax",
        "type": "uint16",
        "size": 1,
        "sf": "V_SF",
        "units": "V",
        "label": "Max String Voltage",
        "desc": "Maximum string voltage for all strings in the bank."
      },
      {
        "name": "StrVMaxStr",
        "type": "uint16",
        "size": 1,
        "label": "Max String Voltage String",
        "desc": "String with maximum voltage."
      },
      {
        "name": "StrVMin",
        "type": "uint16",
        "size": 1,
        "sf": "V_SF",
        "units": "V",
        "label": "Min String Voltage",
        "desc": "Minimum string voltage for all strings in the bank."
      },
      {
        "name": "StrVMinStr",
        "type": "uint16",
        "size": 1,
        "label": "Min String Voltage String",
        "desc": "String with minimum voltage."
      },
      {
        "name": "StrVAvg",
        "type": "uint16",
        "size": 1,
        "sf": "V_SF",
        "units": "V",
        "label": "Average String Voltage",
        "desc": "Average string voltage for all strings in the bank."
      },
      {
        "name": "StrAMax",
        "type": "int16",
        "size": 1,
        "sf": "A_SF",
        "units": "A",
        "label": "Max String Current",
        "desc": "Maximum current of any string in the bank."
      },
      {
        "name": "StrAMaxStr",
        "type": "uint16",
        "size": 1,
        "label": "Max String Current String",
        "desc": "String with the maximum current."
      },
      {
        "name": "StrAMin",
        "type": "int16",
        "size": 1,
        "sf": "A_SF",
        "units": "A",
        "label": "Min String Current",
        "desc": "Minimum current of any string in the bank."
      },
      {
        "name": "StrAMinStr",
        "type": "uint16",
        "size": 1,
        "label": "Min String Current String",
        "desc": "String with the minimum current."
      },
      {
        "name": "StrAAvg",
        "type": "int16",
        "size": 1,
        "sf": "A_SF",
        "units": "A",
        "label": "Average String Current",
        "desc": "Average string current for all strings in the bank."
      },
      {
        "name": "NCellBal",
        "type": "uint16",
        "size": 1,
        "label": "Battery Cell Balancing Count",
        "desc": "Total number of cells that are currently being balanced."
      },
      {
        "name": "CellV_SF",
        "type": "sunssf",
        "size": 1,
        "mandatory": "M",
        "desc": "Scale factor for cell voltage."
      },
      {
        "name": "ModTmp_SF",
        "type": "sunssf",
        "size": 1,
        "mandatory": "M",
        "desc": "Scale factor for module temperatures."
      },
      {
        "name": "A_SF",
        "type": "sunssf",
        "size": 1,
        "mandatory": "M",
        "desc": "Scale factor for string currents."
      },
      {
        "name": "SoH_SF",
        "type": "sunssf",
        "size": 1,
        "desc": "Scale factor for string state of health."
      },
      {
        "name": "SoC_SF",
        "type": "sunssf",
        "size": 1,
        "mandatory": "M",
        "desc": "Scale factor for string state of charge."
      },
      {
        "name": "V_SF",
        "type": "sunssf",
        "size": 1,
        "desc": "Scale factor for string voltage."
      }
    ],
    "groups": [
      {
        "name": "string",
        "type": "group",
        "count": 0,
        "points": [
          {
            "name": "StrNMod",
            "type": "uint16",
            "size": 1,
            "mandatory": "M",
            "label": "Module Count",
            "desc": "Count of modules in the string."
          },
          {
            "name": "StrSt",
            "type": "bitfield32",
            "size": 2,
            "mandatory": "M",
            "label": "String Status",
            "desc": "Current status of the string.",
            "symbols": [
              {
                "name": "STRING_ENABLED",
                "value": 0,
                "label": "String Is Enabled",
                "desc": "String is enabled and will connect next time battery is asked to connect."
              },
              {
                "name": "CONTACTOR_STATUS",
                "value": 1,
                "label": "Contactor Status",
                "desc": "String contactor is closed."
              }
            ]
          },
          {
            "name": "StrConFail",
            "type": "enum16",
            "size": 1,
            "label": "Connection Failure Reason",
            "symbols": [
              {
                "name": "NO_FAILURE",
                "value": 0,
                "label": "No Failure",
                "desc": "Connect did not fail."
              },
              {
                "name": "BUTTON_PUSHED",
                "value": 1,
                "label": "Button Pushed",
                "desc": "A button was pushed which prevented connection."
              },
              {
                "name": "STR_GROUND_FAULT",
                "value": 2,
                "label": "Ground Fault",
                "desc": "Ground fault during auto-connect."
              },
              {
                "name": "OUTSIDE_VOLTAGE_RANGE",
                "value": 3,
                "label": "Outside Voltage Range",
                "desc": "Outside voltage target window during auto-connect."
              },
              {
                "name": "STRING_NOT_ENABLED",
                "value": 4,
                "label": "String Not Enabled",
                "desc": "The string is not enabled."
              },
              {
                "name": "FUSE_OPEN",
                "value": 5,
                "label": "Fuse Open",
                "desc": "A fuse is open which prevents connection."
              },
              {
                "name": "CONTACTOR_FAILURE",
                "value": 6,
                "label": "Contactor Failure",
                "desc": "A contactor failed to operate."
              },
              {
                "name": "PRECHARGE_FAILURE",
                "value": 7,
                "label": "Precharge Failure",
                "desc": "A failure during precharge occurred."
              },
              {
                "name": "STRING_FAULT",
                "value": 8,
                "label": "String Fault",
                "desc": "A string fault has occurred."
              }
            ]
          },
          {
            "name": "StrSoC",
            "type": "uint16",
            "size": 1,
            "sf": "SoC_SF",
            "units": "%",
            "mandatory": "M",
            "label": "String State of Charge",
            "desc": "Battery string state of charge, expressed as a percentage."
          },
          {
            "name": "StrSoH",
            "type": "uint16",
            "size": 1,
            "sf": "SoH_SF",
            "units": "%",
            "label": "String State of Health",
            "desc": "Battery string state of health, expressed as a percentage."
          },
          {
            "name": "StrA",
            "type": "int16",
            "size": 1,
            "sf": "A_SF",
            "units": "A",
            "mandatory": "M",
            "label": "String Current",
            "desc": "String current measurement."
          },
          {
            "name": "StrCellVMax",
            "type": "uint16",
            "size": 1,
            "sf": "CellV_SF",
            "units": "V",
            "mandatory": "M",
            "label": "Max Cell Voltage",
            "desc": "Maximum voltage for all cells in the string."
          },
          {
            "name": "StrCellVMaxMod",
            "type": "uint16",
            "size": 1,
            "label": "Max Cell Voltage Module",
            "desc": "Module containing the maximum cell voltage."
          },
          {
            "name": "StrCellVMin",
            "type": "uint16",
            "size": 1,
            "sf": "CellV_SF",
            "units": "V",
            "mandatory": "M",
            "label": "Min Cell Voltage",
            "desc": "Minimum voltage for all cells in the string."
          },
          {
            "name": "StrCellVMinMod",
            "type": "uint16",
            "size": 1,
            "label": "Min Cell Voltage Module",
            "desc": "Module containing the minimum cell voltage."
          },
          {
            "name": "StrCellVAvg",
            "type": "uint16",
            "size": 1,
            "sf": "CellV_SF",
            "units": "V",
            "mandatory": "M",
            "label": "Average Cell Voltage",
            "desc": "Average voltage for all cells in the string."
          },
          {
            "name": "StrModTmpMax",
            "type": "int16",
            "size": 1,
            "sf": "ModTmp_SF",
            "units": "C",
            "mandatory": "M",
            "label": "Max Module Temperature",
            "desc": "Maximum temperature for all modules in the bank."
          },
          {
            "name": "StrModTmpMaxMod",
            "type": "uint16",
            "size": 1,
            "label": "Max Module Temperature Module",
            "desc": "Module with the maximum temperature."
          },
          {
            "name": "StrModTmpMin",
            "type": "int16",
            "size": 1,
            "sf": "ModTmp_SF",
            "units": "C",
            "mandatory": "M",
            "label": "Min Module Temperature",
            "desc": "Minimum temperature for all modules in the bank."
          },
          {
            "name": "StrModTmpMinMod",
            "type": "uint16",
            "size": 1,
            "label": "Min Module Temperature Module",
            "desc": "Module with the minimum temperature."
          },
          {
            "name": "StrModTmpAvg",
            "type": "int16",
            "size": 1,
            "sf": "ModTmp_SF",
            "units": "C",
            "mandatory": "M",
            "label": "Average Module Temperature",
            "desc": "Average temperature for all modules in the bank."
          },
          {
            "name": "StrDisRsn",
            "type": "enum16",
            "size": 1,
            "label": "Disabled Reason",
            "desc": "Reason why the string is currently disabled.",
            "symbols": [
              {
                "name": "NONE",
                "value": 0,
                "label": "No Reason",
                "desc": "No reason provided."
              },
              {
                "name": "FAULT",
                "value": 1,
                "label": "Fault",
                "desc": "A fault has occurred which caused the string to be disabled."
              },
              {
                "name": "MAINTENANCE",
                "value": 2,
                "label": "Maintenance",
                "desc": "The string has been disabled for maintenance reasons."
              },
              {
                "name": "EXTERNAL",
                "value": 3,
                "label": "External",
                "desc": "The string has been disabled by an external user or controller."
              },
              {
                "name": "OTHER",
                "value": 4,
                "label": "Other",
                "desc": "The string has been disabled for some other reason."
              }
            ]
          },
          {
            "name": "StrConSt",
            "type": "bitfield32",
            "size": 2,
            "label": "Contactor Status",
            "desc": "Status of the contactor(s) for the string.",
            "symbols": [
              {
                "name": "CONTACTOR_0",
                "value": 0,
                "label": "Contactor 0 Closed"
              },
              {
                "name": "CONTACTOR_1",
                "value": 1,
                "label": "Contactor 1 Closed"
              },
              {
                "name": "CONTACTOR_2",
                "value": 2,
                "label": "Contactor 2 Closed"
              },
              {
                "name": "CONTACTOR_3",
                "value": 3,
                "label": "Contactor 3 Closed"
              },
              {
                "name": "CONTACTOR_4",
                "value": 4,
                "label": "Contactor 4 Closed"
              },
              {
                "name": "CONTACTOR_5",
                "value": 5,
                "label": "Contactor 5 Closed"
              },
              {
                "name": "CONTACTOR_6",
                "value": 6,
                "label": "Contactor 6 Closed"
              },
              {
                "name": "CONTACTOR_7",
                "value": 7,
                "label": "Contactor 7 Closed"
              },
              {
                "name": "CONTACTOR_8",
                "value": 8,
                "label": "Contactor 8 Closed"
              },
              {
                "name": "CONTACTOR_9",
                "value": 9,
                "label": "Contactor 9 Closed"
              },
              {
                "name": "CONTACTOR_10",
                "value": 10,
                "label": "Contactor 10 Closed"
              },
              {
                "name": "CONTACTOR_11",
                "value": 11,
                "label": "Contactor 11 Closed"
              },
              {
                "name": "CONTACTOR_12",
                "value": 12,
                "label": "Contactor 12 Closed"
              },
              {
                "name": "CONTACTOR_13",
                "value": 13,
                "label": "Contactor 13 Closed"
              },
              {
                "name": "CONTACTOR_14",
                "value": 14,
                "label": "Contactor 14 Closed"
              },
              {
                "name": "CONTACTOR_15",
                "value": 15,
                "label": "Contactor 15 Closed"
              },
              {
                "name": "CONTACTOR_16",
                "value": 16,
                "label": "Contactor 16 Closed"
              },
              {
                "name": "CONTACTOR_17",
                "value": 17,
                "label": "Contactor 17 Closed"
              },
              {
                "name": "CONTACTOR_18",
                "value": 18,
                "label": "Contactor 18 Closed"
              },
              {
                "name": "CONTACTOR_19",
                "value": 19,
                "label": "Contactor 19 Closed"
              },
              {
                "name": "CONTACTOR_20",
                "value": 20,
                "label": "Contactor 20 Closed"
              },
              {
                "name": "CONTACTOR_21",
                "value": 21,
                "label": "Contactor 21 Closed"
              },
              {
                "name": "CONTACTOR_22",
                "value": 22,
                "label": "Contactor 22 Closed"
              },
              {
                "name": "CONTACTOR_23",
                "value": 23,
                "label": "Contactor 23 Closed"
              },
              {
                "name": "CONTACTOR_24",
                "value": 24,
                "label": "Contactor 24 Closed"
              },
              {
                "name": "CONTACTOR_25",
                "value": 25,
                "label": "Contactor 25 Closed"
              },
              {
                "name": "CONTACTOR_26",
                "value": 26,
                "label": "Contactor 26 Closed"
              },
              {
                "name": "CONTACTOR_27",
                "value": 27,
                "label": "Contactor 27 Closed"
              },
              {
                "name": "CONTACTOR_28",
                "value": 28,
                "label": "Contactor 28 Closed"
              },
              {
                "name": "CONTACTOR_29",
                "value": 29,
                "label": "Contactor 29 Closed"
              },
              {
                "name": "CONTACTOR_30",
                "value": 30,
                "label": "Contactor 30 Closed"
              }
            ]
          },
          {
            "name": "StrEvt1",
            "type": "bitfield32",
            "size": 2,
            "mandatory": "M",
            "label": "String Event 1",
            "desc": "Alarms, warnings and status values.  Bit flags.",
            "symbols": [
              {
                "name": "COMMUNICATION_ERROR",
                "value": 0,
                "label": "Communication Error",
                "desc": "String is unable to communicate with battery modules."
              },
              {
                "name": "OVER_TEMP_ALARM",
                "value": 1,
                "label": "Over Temperature Alarm",
                "desc": "Battery string has exceeded maximum operating temperature"
              },
              {
                "name": "OVER_TEMP_WARNING",
                "value": 2,
                "label": "Over Temperature  Warning",
                "desc": "Battery string is approaching maximum operating temperature."
              },
              {
                "name": "UNDER_TEMP_ALARM",
                "value": 3,
                "label": "Under Temperature Alarm",
                "desc": "Battery string has exceeded minimum operating temperature"
              },
              {
                "name": "UNDER_TEMP_WARNING",
                "value": 4,
                "label": "Under Temperature Warning",
                "desc": "Battery string is approaching minimum operating temperature."
              },
              {
                "name": "OVER_CHARGE_CURRENT_ALARM",
                "value": 5,
                "label": "Over Charge Current Alarm",
                "desc": "Battery string maximum charge current has been exceeded."
              },
              {
                "name": "OVER_CHARGE_CURRENT_WARNING",
                "value": 6,
                "label": "Over Charge Current Warning",
                "desc": "Approaching battery string maximum charge current."
              },
              {
                "name": "OVER_DISCHARGE_CURRENT_ALARM",
                "value": 7,
                "label": "Over Discharge Current Alarm",
                "desc": "Battery string maximum discharge current has been exceeded."
              },
              {
                "name": "OVER_DISCHARGE_CURRENT_WARNING",
                "value": 8,
                "label": "Over Discharge Current Warning",
                "desc": "Approaching battery string maximum discharge current."
              },
              {
                "name": "OVER_VOLT_ALARM",
                "value": 9,
                "label": "Over Voltage Alarm",
                "desc": "Battery string voltage has exceeded maximum limit."
              },
              {
                "name": "OVER_VOLT_WARNING",
                "value": 10,
                "label": "Over Voltage Warning",
                "desc": "Battery string voltage is approaching maximum limit."
              },
              {
                "name": "UNDER_VOLT_ALARM",
                "value": 11,
                "label": "Under Voltage Alarm",
                "desc": "Battery string voltage has exceeded minimum limit."
              },
              {
                "name": "UNDER_VOLT_WARNING",
                "value": 12,
                "label": "Under Voltage Warning",
                "desc": "Battery string voltage is approaching minimum limit."
              },
              {
                "name": "UNDER_SOC_MIN_ALARM",
                "value": 13,
                "label": "Under State of Charge Min Alarm",
                "desc": "Battery string state of charge has reached or exceeded SoCMin"
              },
              {
                "name": "UNDER_SOC_MIN_WARNING",
                "value": 14,
                "label": "Under State of Charge Min Warning",
                "desc": "Battery string state of charge is approaching SoCMin"
              },
              {
                "name": "OVER_SOC_MAX_ALARM",
                "value": 15,
                "label": "Over State of Charge Max Alarm",
                "desc": "Battery string state of charge has reached or exceeded SoCMax"
              },
              {
                "name": "OVER_SOC_MAX_WARNING",
                "value": 16,
                "label": "Over State of Charge Max Warning",
                "desc": "Battery string state of charge is approaching SoCMax"
              },
              {
                "name": "VOLTAGE_IMBALANCE_WARNING",
                "value": 17,
                "label": "Voltage Imbalance Warning",
                "desc": "A voltage imbalance exists between the modules in the battery string."
              },
              {
                "name": "TEMPERATURE_IMBALANCE_ALARM",
                "value": 18,
                "label": "Temperature Imbalance Alarm",
                "desc": "A temperature imbalance exists between the modules in the battery string."
              },
              {
                "name": "TEMPERATURE_IMBALANCE_WARNING",
                "value": 19,
                "label": "Temperature Imbalance Warning",
                "desc": "A temperature imbalance is developing between the modules in the battery string."
              },
              {
                "name": "CONTACTOR_ERROR",
                "value": 20,
                "label": "Contactor Error",
                "desc": "A contactor failed to open or close as requested."
              },
              {
                "name": "FAN_ERROR",
                "value": 21,
                "label": "Fan Error",
                "desc": "One or more battery fans has failed."
              },
              {
                "name": "GROUND_FAULT",
                "value": 22,
                "label": "Ground Fault Error",
                "desc": "Ground fault detected."
              },
              {
                "name": "OPEN_DOOR_ERROR",
                "value": 23,
                "label": "Open Door Error",
                "desc": "One or more doors are open."
              },
              {
                "name": "RESERVED_1",
                "value": 24,
                "label": "Reserved",
                "desc": "Reserved bit."
              },
              {
                "name": "OTHER_ALARM",
                "value": 25,
                "label": "Other String Alarm",
                "desc": "A vendor specific alarm has occurred."
              },
              {
                "name": "OTHER_WARNING",
                "value": 26,
                "label": "Other String Warning",
                "desc": "A vendor specific warning has occurred."
              },
              {
                "name": "RESERVED_2",
                "value": 27,
                "label": "Reserved",
                "desc": "Reserved bit."
              },
              {
                "name": "CONFIGURATION_ALARM",
                "value": 28,
                "label": "Configuration Alarm",
                "desc": "The battery string has been configured incorrectly and will not operate."
              },
              {
                "name": "CONFIGURATION_WARNING",
                "value": 29,
                "label": "Configuration Warning",
                "desc": "The battery string has been configured incorrectly and may not operate as expected."
              }
            ]
          },
          {
            "name": "StrEvt2",
            "type": "bitfield32",
            "size": 2,
            "label": "String Event 2",
            "desc": "Alarms, warnings and status values.  Bit flags."
          },
          {
            "name": "StrEvtVnd1",
            "type": "bitfield32",
            "size": 2,
            "label": "Vendor String Event Bitfield 1",
            "desc": "Vendor defined events."
          },
          {
            "name": "StrEvtVnd2",
            "type": "bitfield32",
            "size": 2,
            "label": "Vendor String Event Bitfield 2",
            "desc": "Vendor defined events."
          },
          {
            "name": "StrSetEna",
            "type": "enum16",
            "size": 1,
            "access": "RW",
            "label": "Enable/Disable String",
            "desc": "Enables and disables the string.",
            "symbols": [
              {
                "name": "ENABLE_STRING",
                "value": 1,
                "label": "Enable String",
                "desc": "Enable the string."
              },
              {
                "name": "DISABLE_STRING",
                "value": 2,
                "label": "Disable String",
                "desc": "Disable the string."
              }
            ]
          },
          {
            "name": "StrSetCon",
            "type": "enum16",
            "size": 1,
            "access": "RW",
            "label": "Connect/Disconnect String",
            "desc": "Connects and disconnects the string.",
            "symbols": [
              {
                "name": "CONNECT_STRING",
                "value": 1,
                "label": "Connect String",
                "desc": "Connect the string."
              },
              {
                "name": "DISCONNECT_STRING",
                "value": 2,
                "label": "Disconnect String",
                "desc": "Disconnect the string."
              }
            ]
          },
          {
            "name": "Pad1",
            "type": "pad",
            "size": 1,
            "mandatory": "M",
            "label": "Pad",
            "desc": "Pad register."
          },
          {
            "name": "Pad2",
            "type": "pad",
            "size": 1,
            "mandatory": "M",
            "label": "Pad",
            "desc": "Pad register."
          }
        ]
      }
    ]
  },
  "id": 803
}