{
  "group": {
    "name": "location",
    "type": "group",
    "label": "GPS",
    "desc": "Include to support location measurements",
    "points": [
      {
        "name": "ID",
        "type": "uint16",
        "size": 1,
        "mandatory": "M",
        "static": "S",
        "label": "Model ID",
        "desc": "Model identifier",
        "value": 305
      },
      {
        "name": "L",
        "type": "uint16",
        "size": 1,
        "mandatory": "M",
        "static": "S",
        "label": "Model Length",
        "desc": "Model length"
      },
      {
        "name": "Tm",
        "type": "string",
        "size": 6,
        "units": "hhmmss.sssZ",
        "label": "Tm",
        "desc": "UTC 24 hour time stamp to millisecond hhmmss.sssZ format"
      },
      {
        "name": "Date",
        "type": "string",
        "size": 4,
        "units": "YYYYMMDD",
        "label": "Date",
        "desc": "UTC Date string YYYYMMDD format"
      },
      {
        "name": "Loc",
        "type": "string",
        "size": 20,
        "units": "text",
        "label": "Location",
        "desc": "Location string (40 chars max)"
      },
      {
        "name": "Lat",
        "type": "int32",
        "size": 2,
        "sf": -7,
        "units": "Degrees",
        "label": "Lat",
        "desc": "Latitude with seven degrees of precision"
      },
      {
        "name": "Long",
        "type": "int32",
        "size": 2,
        "sf": -7,
        "units": "Degrees",
        "label": "Long",
        "desc": "Longitude with seven degrees of precision"
      },
      {
        "name": "Alt",
        "type": "int32",
        "size": 2,
        "units": "meters",
        "label": "Altitude",
        "desc": "Altitude measurement in meters"
      }
    ]
  },
  "id": 305
}