{
  "group": {
    "name": "inclinometer",
    "type": "group",
    "label": "Inclinometer Model",
    "desc": "Include to support orientation measurements",
    "points": [
      {
        "name": "ID",
        "type": "uint16",
        "size": 1,
        "mandatory": "M",
        "static": "S",
        "label": "Model ID",
        "desc": "Model identifier",
        "value": 304
      },
      {
        "name": "L",
        "type": "uint16",
        "size": 1,
        "mandatory": "M",
        "static": "S",
        "label": "Model Length",
        "desc": "Model length"
      }
    ],
    "groups": [
      {
        "name": "incl",
        "type": "group",
        "count": 0,
        "points": [
          {
            "name": "Inclx",
            "type": "int32",
            "size": 2,
            "sf": -2,
            "units": "Degrees",
            "mandatory": "M",
            "label": "X",
            "desc": "X-Axis inclination"
          },
          {
            "name": "Incly",
            "type": "int32",
            "size": 2,
            "sf": -2,
            "units": "Degrees",
            "label": "Y",
            "desc": "Y-Axis inclination"
          },
          {
            "name": "Inclz",
            "type": "int32",
            "size": 2,
            "sf": -2,
            "units": "Degrees",
            "label": "Z",
            "desc": "Z-Axis inclination"
          }
        ]
      }
    ]
  },
  "id": 304
}