{
  "group": {
    "name": "model_19",
    "type": "group",
    "label": "PPP Link",
    "desc": "Include this model to configure a Point-to-Point Protocol link",
    "points": [
      {
        "name": "ID",
        "type": "uint16",
        "size": 1,
        "mandatory": "M",
        "static": "S",
        "label": "Model ID",
        "desc": "Model identifier",
        "value": 19
      },
      {
        "name": "L",
        "type": "uint16",
        "size": 1,
        "mandatory": "M",
        "static": "S",
        "label": "Model Length",
        "desc": "Model length"
      },
      {
        "name": "Nam",
        "type": "string",
        "size": 4,
        "access": "RW",
        "label": "Name",
        "desc": "Interface name"
      },
      {
        "name": "Rte",
        "type": "uint32",
        "size": 2,
        "units": "bps",
        "access": "RW",
        "mandatory": "M",
        "label": "Rate",
        "desc": "Interface baud rate in bits per second"
      },
      {
        "name": "Bits",
        "type": "uint16",
        "size": 1,
        "access": "RW",
        "mandatory": "M",
        "label": "Bits",
        "desc": "Number of data bits per character"
      },
      {
        "name": "Pty",
        "type": "enum16",
        "size": 1,
        "access": "RW",
        "mandatory": "M",
        "label": "Parity",
        "desc": "Bitmask value.  Parity setting",
        "symbols": [
          {
            "name": "NONE",
            "value": 0,
            "label": "none",
            "desc": "No Parity"
          },
          {
            "name": "ODD",
            "value": 1,
            "label": "odd",
            "desc": "Odd Parity"
          },
          {
            "name": "EVEN",
            "value": 2,
            "label": "even",
            "desc": "Even Parity"
          }
        ]
      },
      {
        "name": "Dup",
        "type": "enum16",
        "size": 1,
        "access": "RW",
        "label": "Duplex",
        "desc": "Enumerated value.  Duplex mode",
        "symbols": [
          {
            "name": "FULL",
            "value": 0,
            "label": "full",
            "desc": "Full Duplex"
          },
          {
            "name": "HALF",
            "value": 1,
            "label": "half",
            "desc": "Half Duplex"
          }
        ]
      },
      {
        "name": "Flw",
        "type": "enum16",
        "size": 1,
        "access": "RW",
        "label": "Flow Control",
        "desc": "Flow Control Method",
        "symbols": [
          {
            "name": "NONE",
            "value": 0,
            "label": "none",
            "desc": "No flow control"
          },
          {
            "name": "HW",
            "value": 1,
            "label": "hardware",
            "desc": "Hardware flow control"
          },
          {
            "name": "XONXOFF",
            "value": 2,
            "label": "software",
            "desc": "Soft (XON/XOFF) flow control"
          }
        ]
      },
      {
        "name": "Auth",
        "type": "enum16",
        "size": 1,
        "label": "Authentication",
        "desc": "Enumerated value.  Authentication method",
        "symbols": [
          {
            "name": "NONE",
            "value": 0,
            "label": "none",
            "desc": "No Authentication"
          },
          {
            "name": "PAP",
            "value": 1,
            "label": "PAP",
            "desc": "Use PAP authentication"
          },
          {
            "name": "CHAP",
            "value": 2,
            "label": "CHAP",
            "desc": "Use CHAP authentication"
          }
        ]
      },
      {
        "name": "UsrNam",
        "type": "string",
        "size": 12,
        "label": "Username",
        "desc": "Username for authentication"
      },
      {
        "name": "Pw",
        "type": "string",
        "size": 6,
        "label": "Password",
        "desc": "Password for authentication"
      },
      {
        "name": "Pad",
        "type": "pad",
        "size": 1
      }
    ]
  },
  "id": 19
}