{
  "group": {
    "name": "tz_config",
    "type": "group",
    "points": [
      {
        "name": "ID",
        "type": "uint16",
        "size": 1,
        "mandatory": "M",
        "static": "S",
        "label": "Model ID",
        "desc": "Model identifier",
        "value": 64260
      },
      {
        "name": "L",
        "type": "uint16",
        "size": 1,
        "mandatory": "M",
        "static": "S",
        "label": "Model Length",
        "desc": "Model length"
      },
      {
        "name": "Tz",
        "type": "string",
        "size": 24,
        "access": "RW",
        "mandatory": "M"
      },
      {
        "name": "Err",
        "type": "bitfield16",
        "size": 1,
        "mandatory": "M",
        "symbols": [
          {
            "name": "INVALID_TIMEZONE",
            "value": 0
          }
        ]
      },
      {
        "name": "LocalTime",
        "type": "string",
        "size": 14,
        "mandatory": "M"
      },
      {
        "name": "Pad0",
        "type": "pad",
        "size": 1,
        "mandatory": "M"
      },
      {
        "name": "Pad1",
        "type": "pad",
        "size": 1,
        "mandatory": "M"
      },
      {
        "name": "Pad2",
        "type": "pad",
        "size": 1,
        "mandatory": "M"
      },
      {
        "name": "Pad3",
        "type": "pad",
        "size": 1,
        "mandatory": "M"
      },
      {
        "name": "Pad4",
        "type": "pad",
        "size": 1,
        "mandatory": "M"
      },
      {
        "name": "Pad5",
        "type": "pad",
        "size": 1,
        "mandatory": "M"
      },
      {
        "name": "Pad6",
        "type": "pad",
        "size": 1,
        "mandatory": "M"
      },
      {
        "name": "Pad7",
        "type": "pad",
        "size": 1,
        "mandatory": "M"
      },
      {
        "name": "Pad8",
        "type": "pad",
        "size": 1,
        "mandatory": "M"
      }
    ]
  },
  "id": 64260
}