{
  "group": {
    "name": "model_4",
    "type": "group",
    "label": "Secure Dataset Read Response",
    "desc": "Compute a digital signature over a specified set of data registers",
    "points": [
      {
        "name": "ID",
        "type": "uint16",
        "size": 1,
        "mandatory": "M",
        "static": "S",
        "label": "Model ID",
        "desc": "Model identifier",
        "value": 4
      },
      {
        "name": "L",
        "type": "uint16",
        "size": 1,
        "mandatory": "M",
        "static": "S",
        "label": "Model Length",
        "desc": "Model length"
      },
      {
        "name": "RqSeq",
        "type": "uint16",
        "size": 1,
        "mandatory": "M",
        "label": "Request Sequence",
        "desc": "Sequence number from the request"
      },
      {
        "name": "Sts",
        "type": "enum16",
        "size": 1,
        "mandatory": "M",
        "label": "Status",
        "desc": "Status of last read operation",
        "symbols": [
          {
            "name": "SUCCESS",
            "value": 0
          },
          {
            "name": "DS",
            "value": 1
          },
          {
            "name": "ACL",
            "value": 2
          },
          {
            "name": "OFF",
            "value": 3
          }
        ]
      },
      {
        "name": "X",
        "type": "uint16",
        "size": 1,
        "mandatory": "M",
        "label": "X",
        "desc": "Number of values from the request"
      },
      {
        "name": "Val1",
        "type": "uint16",
        "size": 1,
        "mandatory": "M",
        "label": "Value1",
        "desc": "Copy of value from register Off1."
      },
      {
        "name": "Val2",
        "type": "uint16",
        "size": 1,
        "mandatory": "M"
      },
      {
        "name": "Val3",
        "type": "uint16",
        "size": 1,
        "mandatory": "M"
      },
      {
        "name": "Val4",
        "type": "uint16",
        "size": 1,
        "mandatory": "M"
      },
      {
        "name": "Val5",
        "type": "uint16",
        "size": 1,
        "mandatory": "M"
      },
      {
        "name": "Val6",
        "type": "uint16",
        "size": 1,
        "mandatory": "M"
      },
      {
        "name": "Val7",
        "type": "uint16",
        "size": 1,
        "mandatory": "M"
      },
      {
        "name": "Val8",
        "type": "uint16",
        "size": 1,
        "mandatory": "M"
      },
      {
        "name": "Val9",
        "type": "uint16",
        "size": 1,
        "mandatory": "M"
      },
      {
        "name": "Val10",
        "type": "uint16",
        "size": 1,
        "mandatory": "M"
      },
      {
        "name": "Val11",
        "type": "uint16",
        "size": 1,
        "mandatory": "M"
      },
      {
        "name": "Val12",
        "type": "uint16",
        "size": 1,
        "mandatory": "M"
      },
      {
        "name": "Val13",
        "type": "uint16",
        "size": 1,
        "mandatory": "M"
      },
      {
        "name": "Val14",
        "type": "uint16",
        "size": 1,
        "mandatory": "M"
      },
      {
        "name": "Val15",
        "type": "uint16",
        "size": 1,
        "mandatory": "M"
      },
      {
        "name": "Val16",
        "type": "uint16",
        "size": 1,
        "mandatory": "M"
      },
      {
        "name": "Val17",
        "type": "uint16",
        "size": 1,
        "mandatory": "M"
      },
      {
        "name": "Val18",
        "type": "uint16",
        "size": 1,
        "mandatory": "M"
      },
      {
        "name": "Val19",
        "type": "uint16",
        "size": 1,
        "mandatory": "M"
      },
      {
        "name": "Val20",
        "type": "uint16",
        "size": 1,
        "mandatory": "M"
      },
      {
        "name": "Val21",
        "type": "uint16",
        "size": 1,
        "mandatory": "M"
      },
      {
        "name": "Val22",
        "type": "uint16",
        "size": 1,
        "mandatory": "M"
      },
      {
        "name": "Val23",
        "type": "uint16",
        "size": 1,
        "mandatory": "M"
      },
      {
        "name": "Val24",
        "type": "uint16",
        "size": 1,
        "mandatory": "M"
      },
      {
        "name": "Val25",
        "type": "uint16",
        "size": 1,
        "mandatory": "M"
      },
      {
        "name": "Val26",
        "type": "uint16",
        "size": 1,
        "mandatory": "M"
      },
      {
        "name": "Val27",
        "type": "uint16",
        "size": 1,
        "mandatory": "M"
      },
      {
        "name": "Val28",
        "type": "uint16",
        "size": 1,
        "mandatory": "M"
      },
      {
        "name": "Val29",
        "type": "uint16",
        "size": 1,
        "mandatory": "M"
      },
      {
        "name": "Val30",
        "type": "uint16",
        "size": 1,
        "mandatory": "M"
      },
      {
        "name": "Val31",
        "type": "uint16",
        "size": 1,
        "mandatory": "M"
      },
      {
        "name": "Val32",
        "type": "uint16",
        "size": 1,
        "mandatory": "M"
      },
      {
        "name": "Val33",
        "type": "uint16",
        "size": 1,
        "mandatory": "M"
      },
      {
        "name": "Val34",
        "type": "uint16",
        "size": 1,
        "mandatory": "M"
      },
      {
        "name": "Val35",
        "type": "uint16",
        "size": 1,
        "mandatory": "M"
      },
      {
        "name": "Val36",
        "type": "uint16",
        "size": 1,
        "mandatory": "M"
      },
      {
        "name": "Val37",
        "type": "uint16",
        "size": 1,
        "mandatory": "M"
      },
      {
        "name": "Val38",
        "type": "uint16",
        "size": 1,
        "mandatory": "M"
      },
      {
        "name": "Val39",
        "type": "uint16",
        "size": 1,
        "mandatory": "M"
      },
      {
        "name": "Val40",
        "type": "uint16",
        "size": 1,
        "mandatory": "M"
      },
      {
        "name": "Val41",
        "type": "uint16",
        "size": 1,
        "mandatory": "M"
      },
      {
        "name": "Val42",
        "type": "uint16",
        "size": 1,
        "mandatory": "M"
      },
      {
        "name": "Val43",
        "type": "uint16",
        "size": 1,
        "mandatory": "M"
      },
      {
        "name": "Val44",
        "type": "uint16",
        "size": 1,
        "mandatory": "M"
      },
      {
        "name": "Val45",
        "type": "uint16",
        "size": 1,
        "mandatory": "M"
      },
      {
        "name": "Val46",
        "type": "uint16",
        "size": 1,
        "mandatory": "M"
      },
      {
        "name": "Val47",
        "type": "uint16",
        "size": 1,
        "mandatory": "M"
      },
      {
        "name": "Val48",
        "type": "uint16",
        "size": 1,
        "mandatory": "M"
      },
      {
        "name": "Val49",
        "type": "uint16",
        "size": 1,
        "mandatory": "M"
      },
      {
        "name": "Val50",
        "type": "uint16",
        "size": 1,
        "mandatory": "M"
      },
      {
        "name": "Ts",
        "type": "uint32",
        "size": 2,
        "mandatory": "M",
        "label": "Timestamp",
        "desc": "Timestamp value is the number of seconds since January 1, 2000"
      },
      {
        "name": "Ms",
        "type": "uint16",
        "size": 1,
        "mandatory": "M",
        "label": "Milliseconds",
        "desc": "Millisecond counter 0-999"
      },
      {
        "name": "Seq",
        "type": "uint16",
        "size": 1,
        "mandatory": "M",
        "label": "Sequence",
        "desc": "Sequence number of response"
      },
      {
        "name": "Alm",
        "type": "enum16",
        "size": 1,
        "mandatory": "M",
        "label": "Alarm",
        "desc": "Bitmask alarm code",
        "symbols": [
          {
            "name": "NONE",
            "value": 0
          },
          {
            "name": "ALM",
            "value": 1
          }
        ]
      },
      {
        "name": "Alg",
        "type": "enum16",
        "size": 1,
        "mandatory": "M",
        "label": "Algorithm",
        "desc": "Algorithm used to compute the digital signature",
        "symbols": [
          {
            "name": "NONE",
            "value": 0
          },
          {
            "name": "AES-GMAC-64",
            "value": 1
          },
          {
            "name": "ECC-256",
            "value": 2
          }
        ]
      },
      {
        "name": "N",
        "type": "uint16",
        "size": 1,
        "mandatory": "M",
        "label": "N",
        "desc": "Number of registers comprising the digital signature."
      }
    ],
    "groups": [
      {
        "name": "repeating",
        "type": "group",
        "count": 0,
        "points": [
          {
            "name": "DS",
            "type": "uint16",
            "size": 1,
            "mandatory": "M",
            "label": "DS",
            "desc": "Digital Signature"
          }
        ]
      }
    ]
  },
  "id": 4
}