{
  "group": {
    "name": "battery",
    "type": "group",
    "label": "Battery Base Model",
    "points": [
      {
        "name": "ID",
        "type": "uint16",
        "size": 1,
        "mandatory": "M",
        "static": "S",
        "label": "Model ID",
        "desc": "Model identifier",
        "value": 802
      },
      {
        "name": "L",
        "type": "uint16",
        "size": 1,
        "mandatory": "M",
        "static": "S",
        "label": "Model Length",
        "desc": "Model length"
      },
      {
        "name": "AHRtg",
        "type": "uint16",
        "size": 1,
        "sf": "AHRtg_SF",
        "units": "Ah",
        "mandatory": "M",
        "label": "Nameplate Charge Capacity",
        "desc": "Nameplate charge capacity in amp-hours."
      },
      {
        "name": "WHRtg",
        "type": "uint16",
        "size": 1,
        "sf": "WHRtg_SF",
        "units": "Wh",
        "mandatory": "M",
        "label": "Nameplate Energy Capacity",
        "desc": "Nameplate energy capacity in DC watt-hours."
      },
      {
        "name": "WChaRteMax",
        "type": "uint16",
        "size": 1,
        "sf": "WChaDisChaMax_SF",
        "units": "W",
        "mandatory": "M",
        "label": "Nameplate Max Charge Rate",
        "desc": "Maximum rate of energy transfer into the storage device in DC watts."
      },
      {
        "name": "WDisChaRteMax",
        "type": "uint16",
        "size": 1,
        "sf": "WChaDisChaMax_SF",
        "units": "W",
        "mandatory": "M",
        "label": "Nameplate Max Discharge Rate",
        "desc": "Maximum rate of energy transfer out of the storage device in DC watts."
      },
      {
        "name": "DisChaRte",
        "type": "uint16",
        "size": 1,
        "sf": "DisChaRte_SF",
        "units": "%WHRtg",
        "label": "Self Discharge Rate",
        "desc": "Self discharge rate.  Percentage of capacity (WHRtg) discharged per day."
      },
      {
        "name": "SoCMax",
        "type": "uint16",
        "size": 1,
        "sf": "SoC_SF",
        "units": "%WHRtg",
        "access": "RW",
        "label": "Nameplate Max SoC",
        "desc": "Manufacturer maximum state of charge, expressed as a percentage."
      },
      {
        "name": "SoCMin",
        "type": "uint16",
        "size": 1,
        "sf": "SoC_SF",
        "units": "%WHRtg",
        "access": "RW",
        "label": "Nameplate Min SoC",
        "desc": "Manufacturer minimum state of charge, expressed as a percentage."
      },
      {
        "name": "SoCRsvMax",
        "type": "uint16",
        "size": 1,
        "sf": "SoC_SF",
        "units": "%WHRtg",
        "access": "RW",
        "label": "Max Reserve Percent",
        "desc": "Setpoint for maximum reserve for storage as a percentage of the nominal maximum storage."
      },
      {
        "name": "SoCRsvMin",
        "type": "uint16",
        "size": 1,
        "sf": "SoC_SF",
        "units": "%WHRtg",
        "access": "RW",
        "label": "Min Reserve Percent",
        "desc": "Setpoint for minimum reserve for storage as a percentage of the nominal maximum storage."
      },
      {
        "name": "SoC",
        "type": "uint16",
        "size": 1,
        "sf": "SoC_SF",
        "units": "%WHRtg",
        "mandatory": "M",
        "label": "State of Charge",
        "desc": "State of charge, expressed as a percentage."
      },
      {
        "name": "DoD",
        "type": "uint16",
        "size": 1,
        "sf": "DoD_SF",
        "units": "%",
        "label": "Depth of Discharge",
        "desc": "Depth of discharge, expressed as a percentage."
      },
      {
        "name": "SoH",
        "type": "uint16",
        "size": 1,
        "sf": "SoH_SF",
        "units": "%",
        "label": "State of Health",
        "desc": "Percentage of battery life remaining."
      },
      {
        "name": "NCyc",
        "type": "uint32",
        "size": 2,
        "label": "Cycle Count",
        "desc": "Number of cycles executed in the battery."
      },
      {
        "name": "ChaSt",
        "type": "enum16",
        "size": 1,
        "label": "Charge Status",
        "desc": "Charge status of storage device. Enumeration.",
        "symbols": [
          {
            "name": "OFF",
            "value": 1
          },
          {
            "name": "EMPTY",
            "value": 2
          },
          {
            "name": "DISCHARGING",
            "value": 3
          },
          {
            "name": "CHARGING",
            "value": 4
          },
          {
            "name": "FULL",
            "value": 5
          },
          {
            "name": "HOLDING",
            "value": 6
          },
          {
            "name": "TESTING",
            "value": 7
          }
        ]
      },
      {
        "name": "LocRemCtl",
        "type": "enum16",
        "size": 1,
        "mandatory": "M",
        "label": "Control Mode",
        "desc": "Battery control mode. Enumeration.",
        "symbols": [
          {
            "name": "REMOTE",
            "value": 0
          },
          {
            "name": "LOCAL",
            "value": 1
          }
        ]
      },
      {
        "name": "Hb",
        "type": "uint16",
        "size": 1,
        "label": "Battery Heartbeat",
        "desc": "Value is incremented every second with periodic resets to zero."
      },
      {
        "name": "CtrlHb",
        "type": "uint16",
        "size": 1,
        "access": "RW",
        "label": "Controller Heartbeat",
        "desc": "Value is incremented every second with periodic resets to zero."
      },
      {
        "name": "AlmRst",
        "type": "uint16",
        "size": 1,
        "access": "RW",
        "mandatory": "M",
        "label": "Alarm Reset",
        "desc": "Used to reset any latched alarms.  1 = Reset."
      },
      {
        "name": "Typ",
        "type": "enum16",
        "size": 1,
        "mandatory": "M",
        "label": "Battery Type",
        "desc": "Type of battery. Enumeration.",
        "symbols": [
          {
            "name": "NOT APPLICABLE_UNKNOWN",
            "value": 0
          },
          {
            "name": "LEAD_ACID",
            "value": 1
          },
          {
            "name": "NICKEL_METAL_HYDRATE",
            "value": 2
          },
          {
            "name": "NICKEL_CADMIUM",
            "value": 3
          },
          {
            "name": "LITHIUM_ION",
            "value": 4
          },
          {
            "name": "CARBON_ZINC",
            "value": 5
          },
          {
            "name": "ZINC_CHLORIDE",
            "value": 6
          },
          {
            "name": "ALKALINE",
            "value": 7
          },
          {
            "name": "RECHARGEABLE_ALKALINE",
            "value": 8
          },
          {
            "name": "SODIUM_SULFUR",
            "value": 9
          },
          {
            "name": "FLOW",
            "value": 10
          },
          {
            "name": "OTHER",
            "value": 99
          }
        ]
      },
      {
        "name": "State",
        "type": "enum16",
        "size": 1,
        "mandatory": "M",
        "label": "State of the Battery Bank",
        "desc": "State of the battery bank.  Enumeration.",
        "symbols": [
          {
            "name": "DISCONNECTED",
            "value": 1
          },
          {
            "name": "INITIALIZING",
            "value": 2
          },
          {
            "name": "CONNECTED",
            "value": 3
          },
          {
            "name": "STANDBY",
            "value": 4
          },
          {
            "name": "SOC PROTECTION",
            "value": 5
          },
          {
            "name": "SUSPENDING",
            "value": 6
          },
          {
            "name": "FAULT",
            "value": 99
          }
        ]
      },
      {
        "name": "StateVnd",
        "type": "enum16",
        "size": 1,
        "label": "Vendor Battery Bank State",
        "desc": "Vendor specific battery bank state.  Enumeration."
      },
      {
        "name": "WarrDt",
        "type": "uint32",
        "size": 2,
        "label": "Warranty Date",
        "desc": "Date the device warranty expires."
      },
      {
        "name": "Evt1",
        "type": "bitfield32",
        "size": 2,
        "mandatory": "M",
        "label": "Battery Event 1 Bitfield",
        "desc": "Alarms and warnings.  Bit flags.",
        "symbols": [
          {
            "name": "COMMUNICATION_ERROR",
            "value": 0
          },
          {
            "name": "OVER_TEMP_ALARM",
            "value": 1
          },
          {
            "name": "OVER_TEMP_WARNING",
            "value": 2
          },
          {
            "name": "UNDER_TEMP_ALARM",
            "value": 3
          },
          {
            "name": "UNDER_TEMP_WARNING",
            "value": 4
          },
          {
            "name": "OVER_CHARGE_CURRENT_ALARM",
            "value": 5
          },
          {
            "name": "OVER_CHARGE_CURRENT_WARNING",
            "value": 6
          },
          {
            "name": "OVER_DISCHARGE_CURRENT_ALARM",
            "value": 7
          },
          {
            "name": "OVER_DISCHARGE_CURRENT_WARNING",
            "value": 8
          },
          {
            "name": "OVER_VOLT_ALARM",
            "value": 9
          },
          {
            "name": "OVER_VOLT_WARNING",
            "value": 10
          },
          {
            "name": "UNDER_VOLT_ALARM",
            "value": 11
          },
          {
            "name": "UNDER_VOLT_WARNING",
            "value": 12
          },
          {
            "name": "UNDER_SOC_MIN_ALARM",
            "value": 13
          },
          {
            "name": "UNDER_SOC_MIN_WARNING",
            "value": 14
          },
          {
            "name": "OVER_SOC_MAX_ALARM",
            "value": 15
          },
          {
            "name": "OVER_SOC_MAX_WARNING",
            "value": 16
          },
          {
            "name": "VOLTAGE_IMBALANCE_WARNING",
            "value": 17
          },
          {
            "name": "TEMPERATURE_IMBALANCE_ALARM",
            "value": 18
          },
          {
            "name": "TEMPERATURE_IMBALANCE_WARNING",
            "value": 19
          },
          {
            "name": "CONTACTOR_ERROR",
            "value": 20
          },
          {
            "name": "FAN_ERROR",
            "value": 21
          },
          {
            "name": "GROUND_FAULT",
            "value": 22
          },
          {
            "name": "OPEN_DOOR_ERROR",
            "value": 23
          },
          {
            "name": "CURRENT_IMBALANCE_WARNING",
            "value": 24
          },
          {
            "name": "OTHER_ALARM",
            "value": 25
          },
          {
            "name": "OTHER_WARNING",
            "value": 26
          },
          {
            "name": "RESERVED_1",
            "value": 27
          },
          {
            "name": "CONFIGURATION_ALARM",
            "value": 28
          },
          {
            "name": "CONFIGURATION_WARNING",
            "value": 29
          }
        ]
      },
      {
        "name": "Evt2",
        "type": "bitfield32",
        "size": 2,
        "mandatory": "M",
        "label": "Battery Event 2 Bitfield",
        "desc": "Alarms and warnings.  Bit flags."
      },
      {
        "name": "EvtVnd1",
        "type": "bitfield32",
        "size": 2,
        "mandatory": "M",
        "label": "Vendor Event Bitfield 1",
        "desc": "Vendor defined events."
      },
      {
        "name": "EvtVnd2",
        "type": "bitfield32",
        "size": 2,
        "mandatory": "M",
        "label": "Vendor Event Bitfield 2",
        "desc": "Vendor defined events."
      },
      {
        "name": "V",
        "type": "uint16",
        "size": 1,
        "sf": "V_SF",
        "units": "V",
        "mandatory": "M",
        "label": "External Battery Voltage",
        "desc": "DC Bus Voltage."
      },
      {
        "name": "VMax",
        "type": "uint16",
        "size": 1,
        "sf": "V_SF",
        "units": "V",
        "label": "Max Battery Voltage",
        "desc": "Instantaneous maximum battery voltage."
      },
      {
        "name": "VMin",
        "type": "uint16",
        "size": 1,
        "sf": "V_SF",
        "units": "V",
        "label": "Min Battery Voltage",
        "desc": "Instantaneous minimum battery voltage."
      },
      {
        "name": "CellVMax",
        "type": "uint16",
        "size": 1,
        "sf": "CellV_SF",
        "units": "V",
        "label": "Max Cell Voltage",
        "desc": "Maximum voltage for all cells in the bank."
      },
      {
        "name": "CellVMaxStr",
        "type": "uint16",
        "size": 1,
        "label": "Max Cell Voltage String",
        "desc": "String containing the cell with maximum voltage."
      },
      {
        "name": "CellVMaxMod",
        "type": "uint16",
        "size": 1,
        "label": "Max Cell Voltage Module",
        "desc": "Module containing the cell with maximum voltage."
      },
      {
        "name": "CellVMin",
        "type": "uint16",
        "size": 1,
        "sf": "CellV_SF",
        "units": "V",
        "label": "Min Cell Voltage",
        "desc": "Minimum voltage for all cells in the bank."
      },
      {
        "name": "CellVMinStr",
        "type": "uint16",
        "size": 1,
        "label": "Min Cell Voltage String",
        "desc": "String containing the cell with minimum voltage."
      },
      {
        "name": "CellVMinMod",
        "type": "uint16",
        "size": 1,
        "label": "Min Cell Voltage Module",
        "desc": "Module containing the cell with minimum voltage."
      },
      {
        "name": "CellVAvg",
        "type": "uint16",
        "size": 1,
        "sf": "CellV_SF",
        "units": "V",
        "label": "Average Cell Voltage",
        "desc": "Average cell voltage for all cells in the bank."
      },
      {
        "name": "A",
        "type": "int16",
        "size": 1,
        "sf": "A_SF",
        "units": "A",
        "mandatory": "M",
        "label": "Total DC Current",
        "desc": "Total DC current flowing to/from the battery bank."
      },
      {
        "name": "AChaMax",
        "type": "uint16",
        "size": 1,
        "sf": "AMax_SF",
        "units": "A",
        "access": "RW",
        "label": "Max Charge Current",
        "desc": "Instantaneous maximum DC charge current."
      },
      {
        "name": "ADisChaMax",
        "type": "uint16",
        "size": 1,
        "sf": "AMax_SF",
        "units": "A",
        "access": "RW",
        "label": "Max Discharge Current",
        "desc": "Instantaneous maximum DC discharge current."
      },
      {
        "name": "W",
        "type": "int16",
        "size": 1,
        "sf": "W_SF",
        "units": "W",
        "mandatory": "M",
        "label": "Total Power",
        "desc": "Total power flowing to/from the battery bank."
      },
      {
        "name": "ReqInvState",
        "type": "enum16",
        "size": 1,
        "label": "Inverter State Request",
        "desc": "Request from battery to start or stop the inverter.  Enumeration.",
        "symbols": [
          {
            "name": "NO REQUEST",
            "value": 0
          },
          {
            "name": "START",
            "value": 1
          },
          {
            "name": "STOP",
            "value": 2
          }
        ]
      },
      {
        "name": "ReqW",
        "type": "int16",
        "size": 1,
        "sf": "W_SF",
        "units": "W",
        "label": "Battery Power Request",
        "desc": "AC Power requested by battery."
      },
      {
        "name": "SetOp",
        "type": "enum16",
        "size": 1,
        "access": "RW",
        "mandatory": "M",
        "label": "Set Operation",
        "desc": "Instruct the battery bank to perform an operation such as connecting.  Enumeration.",
        "symbols": [
          {
            "name": "CONNECT",
            "value": 1
          },
          {
            "name": "DISCONNECT",
            "value": 2
          }
        ]
      },
      {
        "name": "SetInvState",
        "type": "enum16",
        "size": 1,
        "access": "RW",
        "mandatory": "M",
        "label": "Set Inverter State",
        "desc": "Set the current state of the inverter.",
        "symbols": [
          {
            "name": "INVERTER_STOPPED",
            "value": 1
          },
          {
            "name": "INVERTER_STANDBY",
            "value": 2
          },
          {
            "name": "INVERTER_STARTED",
            "value": 3
          }
        ]
      },
      {
        "name": "AHRtg_SF",
        "type": "sunssf",
        "size": 1,
        "mandatory": "M",
        "desc": "Scale factor for charge capacity."
      },
      {
        "name": "WHRtg_SF",
        "type": "sunssf",
        "size": 1,
        "mandatory": "M",
        "desc": "Scale factor for energy capacity."
      },
      {
        "name": "WChaDisChaMax_SF",
        "type": "sunssf",
        "size": 1,
        "mandatory": "M",
        "desc": "Scale factor for maximum charge and discharge rate."
      },
      {
        "name": "DisChaRte_SF",
        "type": "sunssf",
        "size": 1,
        "desc": "Scale factor for self discharge rate."
      },
      {
        "name": "SoC_SF",
        "type": "sunssf",
        "size": 1,
        "mandatory": "M",
        "desc": "Scale factor for state of charge values."
      },
      {
        "name": "DoD_SF",
        "type": "sunssf",
        "size": 1,
        "desc": "Scale factor for depth of discharge."
      },
      {
        "name": "SoH_SF",
        "type": "sunssf",
        "size": 1,
        "desc": "Scale factor for state of health."
      },
      {
        "name": "V_SF",
        "type": "sunssf",
        "size": 1,
        "mandatory": "M",
        "desc": "Scale factor for DC bus voltage."
      },
      {
        "name": "CellV_SF",
        "type": "sunssf",
        "size": 1,
        "mandatory": "M",
        "desc": "Scale factor for cell voltage."
      },
      {
        "name": "A_SF",
        "type": "sunssf",
        "size": 1,
        "mandatory": "M",
        "desc": "Scale factor for DC current."
      },
      {
        "name": "AMax_SF",
        "type": "sunssf",
        "size": 1,
        "mandatory": "M",
        "desc": "Scale factor for instantaneous DC charge/discharge current."
      },
      {
        "name": "W_SF",
        "type": "sunssf",
        "size": 1,
        "desc": "Scale factor for AC power request."
      }
    ]
  },
  "id": 802
}