{
  "group": {
    "name": "model_10",
    "type": "group",
    "label": "Communication Interface Header",
    "desc": "To be included first for a complete interface description",
    "points": [
      {
        "name": "ID",
        "type": "uint16",
        "size": 1,
        "mandatory": "M",
        "static": "S",
        "label": "Model ID",
        "desc": "Model identifier",
        "value": 10
      },
      {
        "name": "L",
        "type": "uint16",
        "size": 1,
        "mandatory": "M",
        "static": "S",
        "label": "Model Length",
        "desc": "Model length"
      },
      {
        "name": "St",
        "type": "enum16",
        "size": 1,
        "mandatory": "M",
        "label": "Interface Status",
        "desc": "Overall interface status",
        "symbols": [
          {
            "name": "DOWN",
            "value": 0,
            "label": "down",
            "desc": "Interface is down"
          },
          {
            "name": "UP",
            "value": 1,
            "label": "up",
            "desc": "Interface is up"
          },
          {
            "name": "FAULT",
            "value": 2,
            "label": "fault",
            "desc": "Interface is in a fault state"
          }
        ]
      },
      {
        "name": "Ctl",
        "type": "uint16",
        "size": 1,
        "access": "RW",
        "label": "Interface Control",
        "desc": "Overall interface control (TBD)"
      },
      {
        "name": "Typ",
        "type": "enum16",
        "size": 1,
        "label": "Physical Access Type",
        "desc": "Enumerated value.  Type of physical media",
        "symbols": [
          {
            "name": "UNKNOWN",
            "value": 0,
            "label": "unknown",
            "desc": "Unknown media"
          },
          {
            "name": "INTERNAL",
            "value": 1,
            "label": "internal",
            "desc": "Internal e.g. embedded switch"
          },
          {
            "name": "TWISTED_PAIR",
            "value": 2,
            "label": "twisted pair",
            "desc": "Twisted Pair"
          },
          {
            "name": "FIBER",
            "value": 3,
            "label": "fiber",
            "desc": "Fiber"
          },
          {
            "name": "WIRELESS",
            "value": 4
          }
        ]
      },
      {
        "name": "Pad",
        "type": "pad",
        "size": 1
      }
    ]
  },
  "id": 10
}