{
  "group": {
    "name": "REbus_exp",
    "type": "group",
    "label": "Inverter Export",
    "desc": "Grid export measurements for inverters with current transducers",
    "points": [
      {
        "name": "ID",
        "type": "uint16",
        "size": 1,
        "mandatory": "M",
        "static": "S",
        "label": "Model ID",
        "desc": "Model identifier",
        "value": 64204
      },
      {
        "name": "L",
        "type": "uint16",
        "size": 1,
        "mandatory": "M",
        "static": "S",
        "label": "Model Length",
        "desc": "Model length"
      },
      {
        "name": "Px1",
        "type": "int16",
        "size": 1,
        "units": "W",
        "mandatory": "M",
        "label": "Power export line 1",
        "desc": "RMS power to/from grid on line 1"
      },
      {
        "name": "Px2",
        "type": "int16",
        "size": 1,
        "units": "W",
        "mandatory": "M",
        "label": "Power export line 2",
        "desc": "RMS power to/from grid on line 2"
      },
      {
        "name": "Px3",
        "type": "int16",
        "size": 1,
        "units": "W",
        "mandatory": "M",
        "label": "Power export line 3",
        "desc": "RMS power to/from grid on line 3"
      },
      {
        "name": "Whx",
        "type": "acc32",
        "size": 2,
        "units": "Wh",
        "mandatory": "M",
        "label": "Energy exported",
        "desc": "Energy exported to grid"
      },
      {
        "name": "Whin",
        "type": "acc32",
        "size": 2,
        "units": "Wh",
        "mandatory": "M",
        "label": "Energy imported",
        "desc": "Total imported energy to REbus"
      },
      {
        "name": "Pad",
        "type": "pad",
        "size": 1,
        "mandatory": "M"
      }
    ]
  },
  "id": 64204
}