{
  "group": {
    "name": "model_64112",
    "type": "group",
    "label": "OutBack FM Charge Controller",
    "points": [
      {
        "name": "ID",
        "type": "uint16",
        "size": 1,
        "mandatory": "M",
        "static": "S",
        "label": "Model ID",
        "desc": "Model identifier",
        "value": 64112
      },
      {
        "name": "L",
        "type": "uint16",
        "size": 1,
        "mandatory": "M",
        "static": "S",
        "label": "Model Length",
        "desc": "Model length"
      },
      {
        "name": "Port",
        "type": "uint16",
        "size": 1,
        "mandatory": "M",
        "label": "Port Number"
      },
      {
        "name": "V_SF",
        "type": "sunssf",
        "size": 1,
        "mandatory": "M"
      },
      {
        "name": "C_SF",
        "type": "sunssf",
        "size": 1,
        "mandatory": "M"
      },
      {
        "name": "H_SF",
        "type": "sunssf",
        "size": 1,
        "mandatory": "M"
      },
      {
        "name": "P_SF",
        "type": "sunssf",
        "size": 1,
        "mandatory": "M"
      },
      {
        "name": "AH_SF",
        "type": "sunssf",
        "size": 1,
        "mandatory": "M"
      },
      {
        "name": "KWH_SF",
        "type": "sunssf",
        "size": 1,
        "mandatory": "M"
      },
      {
        "name": "CC_Config_fault",
        "type": "bitfield16",
        "size": 1,
        "mandatory": "M",
        "label": "Faults"
      },
      {
        "name": "CC_Config_absorb_V",
        "type": "uint16",
        "size": 1,
        "sf": "V_SF",
        "units": "V",
        "mandatory": "M",
        "label": "Absorb"
      },
      {
        "name": "CC_Config_absorb_Hr",
        "type": "uint16",
        "size": 1,
        "sf": "H_SF",
        "units": "Tmh",
        "mandatory": "M",
        "label": "Absorb Time"
      },
      {
        "name": "CC_Config_absorb_End_A",
        "type": "uint16",
        "size": 1,
        "sf": "V_SF",
        "units": "A",
        "mandatory": "M",
        "label": "Absorb End"
      },
      {
        "name": "CC_Config_rebulk_V",
        "type": "uint16",
        "size": 1,
        "sf": "V_SF",
        "units": "V",
        "mandatory": "M",
        "label": "Rebulk"
      },
      {
        "name": "CC_Config_float_V",
        "type": "uint16",
        "size": 1,
        "sf": "V_SF",
        "units": "V",
        "mandatory": "M",
        "label": "Float"
      },
      {
        "name": "CC_Config_max_Chg_A",
        "type": "uint16",
        "size": 1,
        "sf": "V_SF",
        "units": "A",
        "mandatory": "M",
        "label": "Maximum Charge"
      },
      {
        "name": "CC_Config_equalize_V",
        "type": "uint16",
        "size": 1,
        "sf": "V_SF",
        "units": "V",
        "mandatory": "M",
        "label": "Equalize"
      },
      {
        "name": "CC_Config_equalize_Hr",
        "type": "uint16",
        "size": 1,
        "units": "Tmh",
        "mandatory": "M",
        "label": "Equalize Time"
      },
      {
        "name": "CC_Config_auto_equalize",
        "type": "uint16",
        "size": 1,
        "units": "Tmd",
        "mandatory": "M",
        "label": "Auto Equalize Interval"
      },
      {
        "name": "CC_Config_MPPT_mode",
        "type": "enum16",
        "size": 1,
        "mandatory": "M",
        "label": "MPPT mode",
        "symbols": [
          {
            "name": "Auto",
            "value": 0,
            "label": "Auto"
          },
          {
            "name": "U_Pick",
            "value": 1,
            "label": "U-Pick"
          },
          {
            "name": "Wind",
            "value": 2,
            "label": "Wind"
          }
        ]
      },
      {
        "name": "CC_Config_sweep_width",
        "type": "enum16",
        "size": 1,
        "mandatory": "M",
        "label": "Sweep Width",
        "symbols": [
          {
            "name": "Half",
            "value": 0,
            "label": "Half"
          },
          {
            "name": "Full",
            "value": 1,
            "label": "Full"
          }
        ]
      },
      {
        "name": "CC_Config_sweep_max",
        "type": "enum16",
        "size": 1,
        "mandatory": "M",
        "label": "Sweep Maximum",
        "symbols": [
          {
            "name": "Eighty_Percent",
            "value": 0,
            "label": "80 %"
          },
          {
            "name": "Eighty_Five_Percent",
            "value": 1,
            "label": "85 %"
          },
          {
            "name": "Ninty_Percent",
            "value": 2,
            "label": "90 %"
          },
          {
            "name": "Ninty_Nine_Percent",
            "value": 3,
            "label": "99 %"
          }
        ]
      },
      {
        "name": "CC_Config_U_Pick_Duty_cyc",
        "type": "uint16",
        "size": 1,
        "sf": "V_SF",
        "units": "Pct",
        "mandatory": "M",
        "label": "U-Pick PWM Duty Cycle"
      },
      {
        "name": "CC_Config_grid_tie",
        "type": "enum16",
        "size": 1,
        "mandatory": "M",
        "label": "Grid Tie Mode",
        "symbols": [
          {
            "name": "Disabled",
            "value": 0,
            "label": "Grid Tie Mode Disabled"
          },
          {
            "name": "Enabled",
            "value": 1,
            "label": "Grid Tie Mode Enabled"
          }
        ]
      },
      {
        "name": "CC_Config_temp_comp",
        "type": "enum16",
        "size": 1,
        "mandatory": "M",
        "label": "Temp Comp Mode",
        "symbols": [
          {
            "name": "Wide",
            "value": 0,
            "label": "Wide"
          },
          {
            "name": "Limited",
            "value": 1,
            "label": "Limited"
          }
        ]
      },
      {
        "name": "CC_Config_temp_comp_llimt",
        "type": "uint16",
        "size": 1,
        "sf": "V_SF",
        "units": "V",
        "mandatory": "M",
        "label": "Temp Comp Lower Limit"
      },
      {
        "name": "CC_Config_temp_comp_hlimt",
        "type": "uint16",
        "size": 1,
        "sf": "V_SF",
        "units": "V",
        "mandatory": "M",
        "label": "Temp Comp Upper Limit"
      },
      {
        "name": "CC_Config_auto_restart",
        "type": "enum16",
        "size": 1,
        "mandatory": "M",
        "label": "Auto Restart Mode",
        "symbols": [
          {
            "name": "Off",
            "value": 0,
            "label": "Off"
          },
          {
            "name": "Every_90_Minutes",
            "value": 1,
            "label": "Every 90 Minutes"
          },
          {
            "name": "Every_90_Minutes_if_Absorb_or_Float",
            "value": 2,
            "label": "Every 90 Minutes if Absorb or Float"
          }
        ]
      },
      {
        "name": "CC_Config_wakeup_VOC",
        "type": "uint16",
        "size": 1,
        "sf": "V_SF",
        "units": "V",
        "mandatory": "M",
        "label": "Wakeup VOC Change"
      },
      {
        "name": "CC_Config_snooze_mode_A",
        "type": "uint16",
        "size": 1,
        "sf": "V_SF",
        "units": "A",
        "mandatory": "M",
        "label": "Snooze Mode"
      },
      {
        "name": "CC_Config_wakeup_interval",
        "type": "uint16",
        "size": 1,
        "units": "Tms",
        "mandatory": "M",
        "label": "Wakeup Interval"
      },
      {
        "name": "CC_Config_AUX_mode",
        "type": "enum16",
        "size": 1,
        "mandatory": "M",
        "label": "AUX Output Mode",
        "symbols": [
          {
            "name": "Float",
            "value": 0,
            "label": "Float"
          },
          {
            "name": "Diversion_Relay",
            "value": 1,
            "label": "Diversion: Relay"
          },
          {
            "name": "Diversion_Solid_St",
            "value": 2,
            "label": "Diversion: Solid St"
          },
          {
            "name": "Low_Batt_Disconnect",
            "value": 3,
            "label": "Low Batt Disconnect"
          },
          {
            "name": "Remote",
            "value": 4,
            "label": "Remote"
          },
          {
            "name": "Vent_Fan",
            "value": 5,
            "label": "Vent Fan"
          },
          {
            "name": "PV_Trigger",
            "value": 6,
            "label": "PV Trigger"
          },
          {
            "name": "Error_Output",
            "value": 7,
            "label": "Alarm Output"
          },
          {
            "name": "Night_Light",
            "value": 8,
            "label": "Night Light"
          }
        ]
      },
      {
        "name": "CC_Config_AUX_control",
        "type": "enum16",
        "size": 1,
        "mandatory": "M",
        "label": "AUX Output Control",
        "symbols": [
          {
            "name": "Off",
            "value": 0,
            "label": "Off"
          },
          {
            "name": "Auto",
            "value": 1,
            "label": "Auto"
          },
          {
            "name": "On",
            "value": 2,
            "label": "On"
          }
        ]
      },
      {
        "name": "CC_Config_AUX_state",
        "type": "enum16",
        "size": 1,
        "mandatory": "M",
        "label": "AUX Output State",
        "symbols": [
          {
            "name": "Disabled",
            "value": 0,
            "label": "Disabled"
          },
          {
            "name": "Enabled",
            "value": 1,
            "label": "Enabled"
          }
        ]
      },
      {
        "name": "CC_Config_AUX_polarity",
        "type": "enum16",
        "size": 1,
        "mandatory": "M",
        "label": "AUX Output Polarity",
        "symbols": [
          {
            "name": "Low",
            "value": 0,
            "label": "Low"
          },
          {
            "name": "High",
            "value": 1,
            "label": "High"
          }
        ]
      },
      {
        "name": "CC_Config_AUX_L_Batt_disc",
        "type": "uint16",
        "size": 1,
        "sf": "V_SF",
        "units": "V",
        "mandatory": "M",
        "label": "AUX Low Battery Disconnect"
      },
      {
        "name": "CC_Config_AUX_L_Batt_rcon",
        "type": "uint16",
        "size": 1,
        "sf": "V_SF",
        "units": "V",
        "mandatory": "M",
        "label": "AUX Low Battery Reconnect"
      },
      {
        "name": "CC_Config_AUX_L_Batt_dly",
        "type": "uint16",
        "size": 1,
        "units": "Tms",
        "mandatory": "M",
        "label": "AUX Low Battery Disconnect Delay"
      },
      {
        "name": "CC_Config_AUX_Vent_fan_V",
        "type": "uint16",
        "size": 1,
        "sf": "V_SF",
        "units": "V",
        "mandatory": "M",
        "label": "AUX Vent Fan"
      },
      {
        "name": "CC_Config_AUX_PV_triggerV",
        "type": "uint16",
        "size": 1,
        "sf": "V_SF",
        "units": "V",
        "mandatory": "M",
        "label": "AUX PV Trigger"
      },
      {
        "name": "CC_Config_AUX_PV_trg_h_tm",
        "type": "uint16",
        "size": 1,
        "units": "Tms",
        "mandatory": "M",
        "label": "AUX PV Trigger Hold Time"
      },
      {
        "name": "CC_Config_AUX_Nlite_ThrsV",
        "type": "uint16",
        "size": 1,
        "sf": "V_SF",
        "units": "V",
        "mandatory": "M",
        "label": "AUX Night Light Threshold"
      },
      {
        "name": "CC_Config_AUX_Nlite_On_tm",
        "type": "uint16",
        "size": 1,
        "sf": "H_SF",
        "units": "Tmh",
        "mandatory": "M",
        "label": "AUX Night Light On Time"
      },
      {
        "name": "CC_Config_AUX_Nlite_On_hist",
        "type": "uint16",
        "size": 1,
        "units": "Tms",
        "mandatory": "M",
        "label": "AUX Night Light On Hysteresis"
      },
      {
        "name": "CC_Config_AUX_Nlite_Off_hist",
        "type": "uint16",
        "size": 1,
        "units": "Tms",
        "mandatory": "M",
        "label": "AUX Night Light Off Hysteresis"
      },
      {
        "name": "CC_Config_AUX_Error_batt_V",
        "type": "uint16",
        "size": 1,
        "sf": "V_SF",
        "units": "V",
        "mandatory": "M",
        "label": "AUX Error Output Low Battery"
      },
      {
        "name": "CC_Config_AUX_Divert_h_time",
        "type": "uint16",
        "size": 1,
        "sf": "V_SF",
        "units": "Tms",
        "mandatory": "M",
        "label": "AUX Divert Hold Time"
      },
      {
        "name": "CC_Config_AUX_Divert_dly_time",
        "type": "uint16",
        "size": 1,
        "units": "Tms",
        "mandatory": "M",
        "label": "AUX Divert Delay Time"
      },
      {
        "name": "CC_Config_AUX_Divert_Rel_V",
        "type": "uint16",
        "size": 1,
        "sf": "V_SF",
        "units": "V",
        "mandatory": "M",
        "label": "AUX Divert Relative"
      },
      {
        "name": "CC_Config_AUX_Divert_Hyst_V",
        "type": "uint16",
        "size": 1,
        "sf": "V_SF",
        "units": "V",
        "mandatory": "M",
        "label": "AUX Divert Hysteresis"
      },
      {
        "name": "CC_Config_MajorFWRev",
        "type": "uint16",
        "size": 1,
        "mandatory": "M",
        "label": "FM CC Major Firmware Number"
      },
      {
        "name": "CC_Config_MidFWRev",
        "type": "uint16",
        "size": 1,
        "mandatory": "M",
        "label": "FM CC Mid Firmware Number"
      },
      {
        "name": "CC_Config_MinorFWRev",
        "type": "uint16",
        "size": 1,
        "mandatory": "M",
        "label": "FM CC Minor Firmware Number"
      },
      {
        "name": "CC_Config_DataLog_Day_offset",
        "type": "uint16",
        "size": 1,
        "units": "Tmd",
        "mandatory": "M",
        "label": "Set Data Log Day Offset"
      },
      {
        "name": "CC_Config_DataLog_Cur_Day_off",
        "type": "uint16",
        "size": 1,
        "units": "Tmd",
        "mandatory": "M",
        "label": "Current Data Log Day Offset"
      },
      {
        "name": "CC_Config_DataLog_Daily_AH",
        "type": "uint16",
        "size": 1,
        "units": "Ah",
        "mandatory": "M",
        "label": "Data Log Daily (Ah)"
      },
      {
        "name": "CC_Config_DataLog_Daily_KWH",
        "type": "uint16",
        "size": 1,
        "sf": "KWH_SF",
        "units": "kWh",
        "mandatory": "M",
        "label": "Data Log Daily (kWh)"
      },
      {
        "name": "CC_Config_DataLog_Max_Out_A",
        "type": "uint16",
        "size": 1,
        "sf": "V_SF",
        "units": "A",
        "mandatory": "M",
        "label": "Data Log Daily Maximum Output (A)"
      },
      {
        "name": "CC_Config_DataLog_Max_Out_W",
        "type": "uint16",
        "size": 1,
        "sf": "V_SF",
        "units": "W",
        "mandatory": "M",
        "label": "Data Log Daily Maximum Output (W)"
      },
      {
        "name": "CC_Config_DataLog_Absorb_T",
        "type": "uint16",
        "size": 1,
        "units": "Tms",
        "mandatory": "M",
        "label": "Data Log Daily Absorb Time"
      },
      {
        "name": "CC_Config_DataLog_Float_T",
        "type": "uint16",
        "size": 1,
        "units": "Tms",
        "mandatory": "M",
        "label": "Data Log Daily Float Time"
      },
      {
        "name": "CC_Config_DataLog_Min_Batt_V",
        "type": "uint16",
        "size": 1,
        "sf": "V_SF",
        "units": "V",
        "mandatory": "M",
        "label": "Data Log Daily Minimum Battery"
      },
      {
        "name": "CC_Config_DataLog_Max_Batt_V",
        "type": "uint16",
        "size": 1,
        "sf": "V_SF",
        "units": "V",
        "mandatory": "M",
        "label": "Data Log Daily Maximum Battery"
      },
      {
        "name": "CC_Config_DataLog_Max_Input_V",
        "type": "uint16",
        "size": 1,
        "sf": "V_SF",
        "units": "V",
        "mandatory": "M",
        "label": "Data Log Daily Maximum Input"
      },
      {
        "name": "CC_Config_DataLog_Clear",
        "type": "uint16",
        "size": 1,
        "mandatory": "M",
        "label": "Data Log Clear"
      },
      {
        "name": "CC_Config_DataLog_Clr_Comp",
        "type": "uint16",
        "size": 1,
        "mandatory": "M",
        "label": "Data Log Clear Complement"
      }
    ]
  },
  "id": 64112
}