{
  "group": {
    "name": "SA_defaults",
    "type": "group",
    "label": "Utility Compliance Configuration",
    "desc": "Configure inverter settings based on utility requirements",
    "points": [
      {
        "name": "ID",
        "type": "uint16",
        "size": 1,
        "mandatory": "M",
        "static": "S",
        "label": "Model ID",
        "desc": "Model identifier",
        "value": 64205
      },
      {
        "name": "L",
        "type": "uint16",
        "size": 1,
        "mandatory": "M",
        "static": "S",
        "label": "Model Length",
        "desc": "Model length"
      },
      {
        "name": "SRD",
        "type": "enum16",
        "size": 1,
        "access": "RW",
        "mandatory": "M",
        "label": "Compliance selection",
        "desc": "Select which utility your inverter is being installed under.",
        "symbols": [
          {
            "name": "IEEE_1547",
            "value": 0,
            "label": "IEEE 1547-2003/1547a-2014 (default)",
            "desc": "'IEEE 1547' is the most common inverter compliance setting."
          },
          {
            "name": "RULE_14H_1",
            "value": 1,
            "label": "HECO SRD V1.1",
            "desc": "Configure for HI Rule 14H Islands of O'ahu, Maui, Hawai'i (Big Island). If your installation is not on one of these islands, do not use this selection. "
          },
          {
            "name": "RULE_14H_2",
            "value": 2,
            "label": "HECO SRD V1.1 [L+M]",
            "desc": "Configure for HI Rule 14H (Lana'i, Moloka'i)"
          },
          {
            "name": "RULE_21",
            "value": 3,
            "label": "RULE 21 2018",
            "desc": "Configure for California Rule 21 settings."
          },
          {
            "name": "RULE_PREPA",
            "value": 4,
            "label": "PREPA 2017",
            "desc": "Configure for Puerto Rico (PREPA) settings."
          },
          {
            "name": "ISONE",
            "value": 5,
            "label": "ISO-NE 2018",
            "desc": "Configure ISO New England settings."
          },
          {
            "name": "RULE_LADWP",
            "value": 6,
            "label": "LADWP 2019",
            "desc": "Configure City of Los Angeles settings."
          },
          {
            "name": "RULE_PECO",
            "value": 7,
            "label": "PECO (depreciated)",
            "desc": "Configure PECO settings."
          },
          {
            "name": "RULE_MISO",
            "value": 8,
            "label": "MISO (depreciated)",
            "desc": "Configure MISO settings."
          },
          {
            "name": "LPEA",
            "value": 9,
            "label": "LPEA 2019"
          },
          {
            "name": "RULE_KIUC",
            "value": 10,
            "label": "KIUC 2021"
          },
          {
            "name": "RULE_PECO_v2",
            "value": 11,
            "label": "PECO 2021"
          },
          {
            "name": "RULE_21_v2",
            "value": 12,
            "label": "RULE 21 2019"
          },
          {
            "name": "RULE_MISO_1547_2018",
            "value": 13,
            "label": "MISO 1547-2018 SA"
          },
          {
            "name": "IEEE_1547_2018",
            "value": 14,
            "label": "IEEE 1547-2018"
          },
          {
            "name": "HECO_V2.0",
            "value": 15,
            "label": "HECO SRD V2.0"
          },
          {
            "name": "PREPA_2023",
            "value": 16,
            "label": "PREPA 2023"
          }
        ]
      },
      {
        "name": "Def",
        "type": "enum16",
        "size": 1,
        "mandatory": "M",
        "label": "Defaulted",
        "desc": "Indicates whether or not the default settings from the Compliance Selection field have been applied.",
        "symbols": [
          {
            "name": "NOT_DEFAULTED",
            "value": 0
          },
          {
            "name": "DEFAULTED",
            "value": 1
          },
          {
            "name": "UNKNOWN",
            "value": 2
          }
        ]
      }
    ]
  },
  "id": 64205
}