{
  "group": {
    "name": "ip_settings",
    "type": "group",
    "label": "Simple IP Network Settings",
    "desc": "Simple IPv4 network stack configuration",
    "points": [
      {
        "name": "ID",
        "type": "uint16",
        "size": 1,
        "mandatory": "M",
        "static": "S",
        "label": "Model ID",
        "desc": "Model identifier",
        "value": 16
      },
      {
        "name": "L",
        "type": "uint16",
        "size": 1,
        "mandatory": "M",
        "static": "S",
        "label": "Model Length",
        "desc": "Model length"
      },
      {
        "name": "Nam",
        "type": "string",
        "size": 4,
        "access": "RW",
        "label": "Name",
        "desc": "Interface name. (8 chars)"
      },
      {
        "name": "Cfg",
        "type": "enum16",
        "size": 1,
        "access": "RW",
        "mandatory": "M",
        "label": "Config",
        "desc": "Enumerated value. Force IPv4 configuration method",
        "symbols": [
          {
            "name": "STATIC",
            "value": 0,
            "label": "static",
            "desc": "A static IP address is assigned"
          },
          {
            "name": "DHCP",
            "value": 1,
            "label": "DHCP",
            "desc": "Use DHCP to acquire an IP address"
          }
        ]
      },
      {
        "name": "Ctl",
        "type": "bitfield16",
        "size": 1,
        "access": "RW",
        "mandatory": "M",
        "label": "Control",
        "desc": "Bitmask value Configure use of services",
        "symbols": [
          {
            "name": "ENABLE_DNS",
            "value": 0,
            "label": "DNS",
            "desc": "Enable DNS use"
          },
          {
            "name": "ENABLE_NTP",
            "value": 1,
            "label": "NTP",
            "desc": "Enable NTP use"
          }
        ]
      },
      {
        "name": "Addr",
        "type": "string",
        "size": 8,
        "access": "RW",
        "mandatory": "M",
        "label": "Address",
        "desc": "IP address"
      },
      {
        "name": "Msk",
        "type": "string",
        "size": 8,
        "access": "RW",
        "mandatory": "M",
        "label": "Netmask",
        "desc": "Netmask"
      },
      {
        "name": "Gw",
        "type": "string",
        "size": 8,
        "access": "RW",
        "label": "Gateway",
        "desc": "Gateway IP address"
      },
      {
        "name": "DNS1",
        "type": "string",
        "size": 8,
        "access": "RW",
        "label": "DNS1",
        "desc": "32 bit IP address of DNS server"
      },
      {
        "name": "DNS2",
        "type": "string",
        "size": 8,
        "access": "RW",
        "label": "DNS2",
        "desc": "32 bit IP address of DNS server"
      },
      {
        "name": "MAC",
        "type": "eui48",
        "size": 4,
        "label": "MAC",
        "desc": "IEEE MAC address of this interface"
      },
      {
        "name": "LnkCtl",
        "type": "bitfield16",
        "size": 1,
        "access": "RW",
        "label": "Link Control",
        "desc": "Bitmask value. Link control flags",
        "symbols": [
          {
            "name": "AUTONEGOTIATE",
            "value": 0,
            "label": "auto-negotiate",
            "desc": "Enable auto-negotiation"
          },
          {
            "name": "FULL_DUPLEX",
            "value": 1,
            "label": "full duplex",
            "desc": "Force full duplex operation"
          },
          {
            "name": "FORCE_10MB",
            "value": 2,
            "label": "10Mbs",
            "desc": "Force 10 Mb/s link speed"
          },
          {
            "name": "FORCE_100MB",
            "value": 3,
            "label": "100Mbs",
            "desc": "Force 100 Mb/s link speed"
          },
          {
            "name": "FORCE_1GB",
            "value": 4,
            "label": "1Gbs",
            "desc": "Force 1 Gb/s link speed"
          }
        ]
      },
      {
        "name": "Pad",
        "type": "pad",
        "size": 1
      }
    ]
  },
  "id": 16
}