{
  "group": {
    "name": "REbus_status",
    "type": "group",
    "label": "REbus Status",
    "desc": "REbus status data that is defined commonly across Generac REbus devices",
    "points": [
      {
        "name": "ID",
        "type": "uint16",
        "size": 1,
        "mandatory": "M",
        "static": "S",
        "label": "Model ID",
        "desc": "Model identifier",
        "value": 64207
      },
      {
        "name": "L",
        "type": "uint16",
        "size": 1,
        "mandatory": "M",
        "static": "S",
        "label": "Model Length",
        "desc": "Model length"
      },
      {
        "name": "P",
        "type": "int16",
        "size": 1,
        "units": "W",
        "mandatory": "M",
        "label": "REbus Power",
        "desc": "REbus power. Positive indicates the device is sourcing to REbus, and negative indicates sinking from REbus."
      },
      {
        "name": "E",
        "type": "uint32",
        "size": 2,
        "units": "Wh",
        "mandatory": "M",
        "label": "Accumulated Energy",
        "desc": "Total accumulated energy (exact definition differs by device)"
      },
      {
        "name": "V",
        "type": "uint16",
        "size": 1,
        "sf": "VT_sf",
        "units": "V",
        "mandatory": "M",
        "label": "REbus Voltage ",
        "desc": "REbus DC Bus Voltage"
      },
      {
        "name": "I",
        "type": "int16",
        "size": 1,
        "sf": "I_sf",
        "units": "A",
        "mandatory": "M",
        "label": "REbus Current",
        "desc": "REbus current. Positive indicates the device is sourcing to REbus, and negative indicates sinking from REbus."
      },
      {
        "name": "T",
        "type": "int16",
        "size": 1,
        "sf": "VT_sf",
        "units": "Deg C",
        "mandatory": "M",
        "label": "Device Temperature",
        "desc": "Device temperature"
      },
      {
        "name": "St",
        "type": "enum16",
        "size": 1,
        "mandatory": "M",
        "label": "State",
        "symbols": [
          {
            "name": "UNKNOWN",
            "value": 0
          },
          {
            "name": "DISABLED",
            "value": 16
          },
          {
            "name": "INITIALIZING",
            "value": 256
          },
          {
            "name": "POWERING_UP",
            "value": 272
          },
          {
            "name": "CONNECTING_BUS",
            "value": 288
          },
          {
            "name": "DISCONNECTING_BUS",
            "value": 304
          },
          {
            "name": "TESTING_BUS",
            "value": 320
          },
          {
            "name": "LOW_BUS_VOLTAGE",
            "value": 512
          },
          {
            "name": "STANDBY",
            "value": 768
          },
          {
            "name": "WAITING",
            "value": 784
          },
          {
            "name": "WAITING_NO_INPUT",
            "value": 800
          },
          {
            "name": "CONNECTING_GRID",
            "value": 2048
          },
          {
            "name": "DISCONNECTING_GRID",
            "value": 2064
          },
          {
            "name": "GRID_CONNECTED",
            "value": 2080
          },
          {
            "name": "ISLANDED",
            "value": 2096
          },
          {
            "name": "CONNECTING_GENERATOR",
            "value": 2112
          },
          {
            "name": "GENERATOR_PARALLEL",
            "value": 2128
          },
          {
            "name": "LOW_INPUT_VOLTAGE",
            "value": 4096
          },
          {
            "name": "TESTING_DEVICE_INPUT",
            "value": 4112
          },
          {
            "name": "CONNECTING_INPUT",
            "value": 4352
          },
          {
            "name": "DISCONNECTING_INPUT",
            "value": 4368
          },
          {
            "name": "CALIBRATING",
            "value": 4608
          },
          {
            "name": "CALIBRATION_SUCCESS",
            "value": 4624
          },
          {
            "name": "CALIBRATION_NEEDED",
            "value": 4640
          },
          {
            "name": "BURN_IN",
            "value": 4656
          },
          {
            "name": "BURN_IN_DONE",
            "value": 4672
          },
          {
            "name": "SCHEDULER_OVERRIDDEN",
            "value": 4864
          },
          {
            "name": "SCHEDULER_DISABLED",
            "value": 4880
          },
          {
            "name": "RUNNING",
            "value": 8192
          },
          {
            "name": "MAKING_POWER",
            "value": 8208
          },
          {
            "name": "LIMITING_POWER",
            "value": 8224
          },
          {
            "name": "LOW_WIND",
            "value": 12288
          },
          {
            "name": "HIGH_WIND",
            "value": 12304
          },
          {
            "name": "LOW_SUN",
            "value": 12544
          },
          {
            "name": "CHARGING_BATTERY",
            "value": 24576
          },
          {
            "name": "FLOAT_CHARGING_BATTERY",
            "value": 24592
          },
          {
            "name": "BULK_CHARGING_BATTERY",
            "value": 24608
          },
          {
            "name": "ABSORPTION_CHARGING_BATTERY",
            "value": 24624
          },
          {
            "name": "EQUALIZE_CHARGING_BATTERY",
            "value": 24640
          },
          {
            "name": "DISCHARGING_BATTERY",
            "value": 24832
          },
          {
            "name": "LOW_BATTERY_VOLTAGE",
            "value": 24848
          },
          {
            "name": "ERROR_GENERIC",
            "value": 28672
          },
          {
            "name": "OVER_VOLTAGE_INPUT",
            "value": 28688
          },
          {
            "name": "OVER_VOLTAGE_OUTPUT",
            "value": 28704
          },
          {
            "name": "OVER_CURRENT_INPUT",
            "value": 28720
          },
          {
            "name": "OVER_CURRENT_OUTPUT",
            "value": 28736
          },
          {
            "name": "ERROR_LOW_BATTERY_VOLTAGE",
            "value": 28752
          },
          {
            "name": "OVER_TEMPERATURE",
            "value": 28928
          },
          {
            "name": "GROUND_FAULT",
            "value": 29184
          },
          {
            "name": "INSULATION_FAULT",
            "value": 29200
          },
          {
            "name": "CALIBRATION_0",
            "value": 32256
          },
          {
            "name": "CALIBRATION_1",
            "value": 32272
          },
          {
            "name": "CALIBRATION_2",
            "value": 32288
          },
          {
            "name": "CALIBRATION_3",
            "value": 32304
          }
        ]
      },
      {
        "name": "Ev",
        "type": "enum16",
        "size": 1,
        "mandatory": "M",
        "label": "Last Event",
        "symbols": [
          {
            "name": "GENERIC",
            "value": 32768
          },
          {
            "name": "POWERUP",
            "value": 32784
          },
          {
            "name": "SUPPLY_UNDERVOLTAGE",
            "value": 32800
          },
          {
            "name": "DAILY_EVENT",
            "value": 32816
          },
          {
            "name": "ENABLE",
            "value": 33024
          },
          {
            "name": "DISABLE",
            "value": 33280
          },
          {
            "name": "MANUAL_DISABLE",
            "value": 33296
          },
          {
            "name": "EXTERNAL_ESTOP",
            "value": 33312
          },
          {
            "name": "SYSMODE_CHANGE",
            "value": 33536
          },
          {
            "name": "SYSMODE_BAD",
            "value": 33792
          },
          {
            "name": "DEBUG_TRACE",
            "value": 34048
          },
          {
            "name": "TOU_ENTRY_ACTIVATED",
            "value": 34304
          },
          {
            "name": "SOFTWARE_VERSION",
            "value": 36832
          },
          {
            "name": "HARDWARE_VERSION",
            "value": 36848
          },
          {
            "name": "INTERRUPT_FAULT",
            "value": 36864
          },
          {
            "name": "GATEDRIVE_FAULT",
            "value": 37120
          },
          {
            "name": "TIMER_FAULT",
            "value": 37376
          },
          {
            "name": "TRANSISTOR_FAILURE",
            "value": 39168
          },
          {
            "name": "OVER_TEMPERATURE",
            "value": 41216
          },
          {
            "name": "FAN_FAILURE",
            "value": 41232
          },
          {
            "name": "FUSE_BLOWN",
            "value": 41248
          },
          {
            "name": "MISWIRING",
            "value": 41472
          },
          {
            "name": "ALTERNATOR_BAD",
            "value": 42496
          },
          {
            "name": "REVERSE_ROTATION",
            "value": 42752
          },
          {
            "name": "BUS_FAULT",
            "value": 45056
          },
          {
            "name": "BUS_NO_LOAD",
            "value": 45072
          },
          {
            "name": "BUS_OVER_VOLTAGE",
            "value": 45312
          },
          {
            "name": "BUS_UNDER_VOLTAGE",
            "value": 45328
          },
          {
            "name": "BUS_OVER_CURRENT",
            "value": 45568
          },
          {
            "name": "INTERNAL_OVERVOLTAGE",
            "value": 45824
          },
          {
            "name": "BATTERY_GENERIC",
            "value": 47104
          },
          {
            "name": "BATTERY_READY",
            "value": 47120
          },
          {
            "name": "BATTERY_NOT_READY",
            "value": 47136
          },
          {
            "name": "BMS_GENERIC",
            "value": 47360
          },
          {
            "name": "BMS_ALARM",
            "value": 47376
          },
          {
            "name": "BMS_WARNING",
            "value": 47392
          },
          {
            "name": "BMS_ERROR",
            "value": 47408
          },
          {
            "name": "GROUND_FAULT",
            "value": 49152
          },
          {
            "name": "INPUT_LOW",
            "value": 49408
          },
          {
            "name": "INPUT_SENSOR_FAULT",
            "value": 49664
          },
          {
            "name": "INPUT_OVER_CURRENT",
            "value": 49920
          },
          {
            "name": "INPUT_OVERSPEED",
            "value": 50176
          },
          {
            "name": "INPUT_HIGH",
            "value": 50432
          },
          {
            "name": "ARC_FAULT",
            "value": 50688
          },
          {
            "name": "INPUT_READY",
            "value": 50944
          },
          {
            "name": "GRID_FAULT",
            "value": 53248
          },
          {
            "name": "GRID_OVER_VOLTAGE",
            "value": 53264
          },
          {
            "name": "GRID_OVER_CURRENT",
            "value": 53280
          },
          {
            "name": "GRID_OVER_FREQUENCY",
            "value": 53296
          },
          {
            "name": "GRID_UNDER_VOLTAGE",
            "value": 53312
          },
          {
            "name": "GRID_UNDER_FREQUENCY",
            "value": 53328
          },
          {
            "name": "GRID_OVER_VOLTAGE_FAST",
            "value": 53344
          },
          {
            "name": "GRID_HIGH_IMPEDANCE",
            "value": 53360
          },
          {
            "name": "TRANSFER_FAIL",
            "value": 53504
          },
          {
            "name": "SETPOINT_CRC_FAULT",
            "value": 57344
          },
          {
            "name": "EEPROM_FAULT",
            "value": 57600
          },
          {
            "name": "FLASH_FAULT",
            "value": 57856
          },
          {
            "name": "PLM_RESTART",
            "value": 58112
          },
          {
            "name": "DEFAULT_TRAP",
            "value": 61440
          },
          {
            "name": "ADDRESS_ERROR",
            "value": 61456
          },
          {
            "name": "STACK_ERROR",
            "value": 61472
          },
          {
            "name": "OSCILLATOR_FAIL",
            "value": 61488
          },
          {
            "name": "MATH_ERROR",
            "value": 61504
          },
          {
            "name": "DMAC_ERROR",
            "value": 61520
          }
        ]
      },
      {
        "name": "RB",
        "type": "bitfield16",
        "size": 1,
        "mandatory": "M",
        "label": "REbusBits",
        "desc": "REbus status register",
        "symbols": [
          {
            "name": "ENABLE_MASTER",
            "value": 0
          },
          {
            "name": "ENABLE_SOURCE",
            "value": 1
          },
          {
            "name": "ENABLE_SINK",
            "value": 2
          },
          {
            "name": "RESERVED3",
            "value": 3
          },
          {
            "name": "BUS_CONNECTED",
            "value": 4
          },
          {
            "name": "BUS_DISCONNECTED",
            "value": 5
          },
          {
            "name": "SOURCING",
            "value": 6
          },
          {
            "name": "SINKING",
            "value": 7
          },
          {
            "name": "BUS_VOLTAGE_LOW",
            "value": 8
          },
          {
            "name": "BUS_VOLTAGE_HIGH",
            "value": 9
          },
          {
            "name": "BUS_IMBALANCE",
            "value": 10
          },
          {
            "name": "RESERVED11",
            "value": 11
          },
          {
            "name": "PLC_GOOD",
            "value": 12
          },
          {
            "name": "HEARTBEAT_GOOD",
            "value": 13
          },
          {
            "name": "ADAPTIVE_VREBUS_ACTIVE",
            "value": 14
          },
          {
            "name": "RESERVED15",
            "value": 15
          }
        ]
      },
      {
        "name": "VT_sf",
        "type": "sunssf",
        "size": 1,
        "mandatory": "M",
        "label": "VT_sf",
        "desc": "Scale factor for V and T"
      },
      {
        "name": "I_sf",
        "type": "sunssf",
        "size": 1,
        "mandatory": "M",
        "label": "I_sf",
        "desc": "Scale factor for I"
      },
      {
        "name": "Pad0",
        "type": "pad",
        "size": 1,
        "mandatory": "M"
      }
    ]
  },
  "id": 64207
}