{
  "group": {
    "name": "pricing",
    "type": "group",
    "label": "Pricing",
    "desc": "Pricing Signal  ",
    "points": [
      {
        "name": "ID",
        "type": "uint16",
        "size": 1,
        "mandatory": "M",
        "static": "S",
        "label": "Model ID",
        "desc": "Model identifier",
        "value": 125
      },
      {
        "name": "L",
        "type": "uint16",
        "size": 1,
        "mandatory": "M",
        "static": "S",
        "label": "Model Length",
        "desc": "Model length"
      },
      {
        "name": "ModEna",
        "type": "bitfield16",
        "size": 1,
        "access": "RW",
        "mandatory": "M",
        "label": "ModEna",
        "desc": "Is price-based charge/discharge mode active?",
        "symbols": [
          {
            "name": "ENABLE",
            "value": 0
          }
        ]
      },
      {
        "name": "SigType",
        "type": "enum16",
        "size": 1,
        "access": "RW",
        "label": "SigType",
        "desc": "Meaning of the pricing signal. When a Price schedule is used, type must match the schedule range variable description.",
        "symbols": [
          {
            "name": "UNKNOWN",
            "value": 0
          },
          {
            "name": "ABSOLUTE",
            "value": 1
          },
          {
            "name": "RELATIVE",
            "value": 2
          },
          {
            "name": "MULTIPLIER",
            "value": 3
          },
          {
            "name": "LEVEL",
            "value": 4
          }
        ]
      },
      {
        "name": "Sig",
        "type": "int16",
        "size": 1,
        "sf": "Sig_SF",
        "access": "RW",
        "mandatory": "M",
        "label": "Sig",
        "desc": "Utility/ESP specific pricing signal. Content depends on pricing signal type. When H/M/L type is specified. Low=0; Med=1; High=2."
      },
      {
        "name": "WinTms",
        "type": "uint16",
        "size": 1,
        "units": "Secs",
        "access": "RW",
        "label": "WinTms",
        "desc": "Time window for charge/discharge pricing change."
      },
      {
        "name": "RvtTms",
        "type": "uint16",
        "size": 1,
        "units": "Secs",
        "access": "RW",
        "label": "RvtTms",
        "desc": "Timeout period for charge/discharge pricing change."
      },
      {
        "name": "RmpTms",
        "type": "uint16",
        "size": 1,
        "units": "Secs",
        "access": "RW",
        "label": "RmpTms",
        "desc": "Ramp time for moving from current charge or discharge level to new level."
      },
      {
        "name": "Sig_SF",
        "type": "sunssf",
        "size": 1,
        "mandatory": "M",
        "label": "Sig_SF",
        "desc": "Pricing signal scale factor."
      },
      {
        "name": "Pad",
        "type": "pad",
        "size": 1
      }
    ]
  },
  "id": 125
}