{
  "group": {
    "name": "model_63002",
    "type": "group",
    "label": "SunSpec Test Model 2",
    "points": [
      {
        "name": "ID",
        "type": "uint16",
        "size": 1,
        "mandatory": "M",
        "static": "S",
        "label": "Model ID",
        "desc": "Model identifier",
        "value": 63002
      },
      {
        "name": "L",
        "type": "uint16",
        "size": 1,
        "mandatory": "M",
        "static": "S",
        "label": "Model Length",
        "desc": "Model length"
      }
    ],
    "groups": [
      {
        "name": "repeating",
        "type": "group",
        "count": 0,
        "points": [
          {
            "name": "sunssf_1",
            "type": "sunssf",
            "size": 1
          },
          {
            "name": "int16_1",
            "type": "int16",
            "size": 1,
            "sf": "sunssf_1",
            "access": "RW"
          },
          {
            "name": "int16_2",
            "type": "int16",
            "size": 1,
            "sf": "sunssf_2"
          },
          {
            "name": "sunssf_2",
            "type": "sunssf",
            "size": 1
          }
        ]
      }
    ]
  },
  "id": 63002
}