{
  "group": {
    "name": "dc_generator_config",
    "type": "group",
    "label": "DC-Coupled Generator Configuration",
    "desc": "Communicates activation status and other configuration parameters to/from the Endure DC generator.",
    "points": [
      {
        "name": "ID",
        "type": "uint16",
        "size": 1,
        "mandatory": "M",
        "static": "S",
        "label": "Model ID",
        "desc": "Model identifier",
        "value": 64262
      },
      {
        "name": "L",
        "type": "uint16",
        "size": 1,
        "mandatory": "M",
        "static": "S",
        "label": "Model Length",
        "desc": "Model length"
      },
      {
        "name": "IsActivated",
        "type": "enum16",
        "size": 1,
        "access": "RW",
        "label": "Activation status",
        "symbols": [
          {
            "name": "NO",
            "value": 0
          },
          {
            "name": "YES",
            "value": 1
          }
        ]
      },
      {
        "name": "PowerConverterSWVer",
        "type": "uint16",
        "size": 1,
        "sf": "Version_SF",
        "mandatory": "M",
        "label": "Power Converter Software Version"
      },
      {
        "name": "PowerConverterBuild",
        "type": "uint16",
        "size": 1,
        "mandatory": "M",
        "label": "Power Converter Jenkins Build Number"
      },
      {
        "name": "GeneratorCtrlSWVer",
        "type": "uint16",
        "size": 1,
        "sf": "Version_SF",
        "mandatory": "M",
        "label": "Generator Controller Software Version"
      },
      {
        "name": "GeneratorCtrlBuild",
        "type": "uint16",
        "size": 1,
        "mandatory": "M",
        "label": "Generator Controller Jenkins Build Number"
      },
      {
        "name": "DisplayCtrlSWVer",
        "type": "uint16",
        "size": 1,
        "sf": "Version_SF",
        "mandatory": "M",
        "label": "Display Controller Software Version"
      },
      {
        "name": "DisplayCtrlBuild",
        "type": "uint16",
        "size": 1,
        "mandatory": "M",
        "label": "Display Controller Jenkins Build Number"
      },
      {
        "name": "Version_SF",
        "type": "sunssf",
        "size": 1,
        "mandatory": "M"
      },
      {
        "name": "Pad7",
        "type": "pad",
        "size": 1,
        "mandatory": "M"
      },
      {
        "name": "Pad8",
        "type": "pad",
        "size": 1,
        "mandatory": "M"
      },
      {
        "name": "Pad9",
        "type": "pad",
        "size": 1,
        "mandatory": "M"
      },
      {
        "name": "Pad10",
        "type": "pad",
        "size": 1,
        "mandatory": "M"
      },
      {
        "name": "Pad11",
        "type": "pad",
        "size": 1,
        "mandatory": "M"
      },
      {
        "name": "Pad12",
        "type": "pad",
        "size": 1,
        "mandatory": "M"
      },
      {
        "name": "Pad13",
        "type": "pad",
        "size": 1,
        "mandatory": "M"
      },
      {
        "name": "Pad14",
        "type": "pad",
        "size": 1,
        "mandatory": "M"
      },
      {
        "name": "Pad15",
        "type": "pad",
        "size": 1,
        "mandatory": "M"
      },
      {
        "name": "Pad16",
        "type": "pad",
        "size": 1,
        "mandatory": "M"
      },
      {
        "name": "Pad17",
        "type": "pad",
        "size": 1,
        "mandatory": "M"
      },
      {
        "name": "Pad18",
        "type": "pad",
        "size": 1,
        "mandatory": "M"
      },
      {
        "name": "Pad19",
        "type": "pad",
        "size": 1,
        "mandatory": "M"
      },
      {
        "name": "Pad20",
        "type": "pad",
        "size": 1,
        "mandatory": "M"
      },
      {
        "name": "Pad21",
        "type": "pad",
        "size": 1,
        "mandatory": "M"
      },
      {
        "name": "Pad22",
        "type": "pad",
        "size": 1,
        "mandatory": "M"
      },
      {
        "name": "Pad23",
        "type": "pad",
        "size": 1,
        "mandatory": "M"
      },
      {
        "name": "Pad24",
        "type": "pad",
        "size": 1,
        "mandatory": "M"
      },
      {
        "name": "Pad25",
        "type": "pad",
        "size": 1,
        "mandatory": "M"
      },
      {
        "name": "Pad26",
        "type": "pad",
        "size": 1,
        "mandatory": "M"
      },
      {
        "name": "Pad27",
        "type": "pad",
        "size": 1,
        "mandatory": "M"
      },
      {
        "name": "Pad28",
        "type": "pad",
        "size": 1,
        "mandatory": "M"
      },
      {
        "name": "Pad29",
        "type": "pad",
        "size": 1,
        "mandatory": "M"
      },
      {
        "name": "Pad30",
        "type": "pad",
        "size": 1,
        "mandatory": "M"
      },
      {
        "name": "Pad31",
        "type": "pad",
        "size": 1,
        "mandatory": "M"
      },
      {
        "name": "Pad32",
        "type": "pad",
        "size": 1,
        "mandatory": "M"
      },
      {
        "name": "Pad33",
        "type": "pad",
        "size": 1,
        "mandatory": "M"
      },
      {
        "name": "Pad34",
        "type": "pad",
        "size": 1,
        "mandatory": "M"
      },
      {
        "name": "Pad35",
        "type": "pad",
        "size": 1,
        "mandatory": "M"
      },
      {
        "name": "Pad36",
        "type": "pad",
        "size": 1,
        "mandatory": "M"
      },
      {
        "name": "Pad37",
        "type": "pad",
        "size": 1,
        "mandatory": "M"
      },
      {
        "name": "Pad38",
        "type": "pad",
        "size": 1,
        "mandatory": "M"
      },
      {
        "name": "Pad39",
        "type": "pad",
        "size": 1,
        "mandatory": "M"
      },
      {
        "name": "Pad40",
        "type": "pad",
        "size": 1,
        "mandatory": "M"
      },
      {
        "name": "Pad41",
        "type": "pad",
        "size": 1,
        "mandatory": "M"
      },
      {
        "name": "Pad42",
        "type": "pad",
        "size": 1,
        "mandatory": "M"
      },
      {
        "name": "Pad43",
        "type": "pad",
        "size": 1,
        "mandatory": "M"
      },
      {
        "name": "Pad44",
        "type": "pad",
        "size": 1,
        "mandatory": "M"
      }
    ]
  },
  "id": 64262
}