{
  "group": {
    "name": "model_14",
    "type": "group",
    "label": "Proxy Server",
    "desc": "Include this block to allow for a proxy server",
    "points": [
      {
        "name": "ID",
        "type": "uint16",
        "size": 1,
        "mandatory": "M",
        "static": "S",
        "label": "Model ID",
        "desc": "Model identifier",
        "value": 14
      },
      {
        "name": "L",
        "type": "uint16",
        "size": 1,
        "mandatory": "M",
        "static": "S",
        "label": "Model Length",
        "desc": "Model length"
      },
      {
        "name": "Nam",
        "type": "string",
        "size": 4,
        "access": "RW",
        "label": "name",
        "desc": "Interface name (8 chars)"
      },
      {
        "name": "Cap",
        "type": "bitfield16",
        "size": 1,
        "access": "RW",
        "mandatory": "M",
        "label": "Capabilities",
        "desc": "Bitmask value.  Proxy configuration capabilities",
        "symbols": [
          {
            "name": "NO_PROXY",
            "value": 0
          },
          {
            "name": "IPV4_PROXY",
            "value": 1
          },
          {
            "name": "IPV6_PROXY",
            "value": 2
          }
        ]
      },
      {
        "name": "Cfg",
        "type": "enum16",
        "size": 1,
        "access": "RW",
        "mandatory": "M",
        "label": "Config",
        "desc": "Enumerated value.  Set proxy address type"
      },
      {
        "name": "Typ",
        "type": "bitfield16",
        "size": 1,
        "access": "RW",
        "mandatory": "M",
        "label": "Type",
        "desc": "Enumerate value.  Proxy server type"
      },
      {
        "name": "Addr",
        "type": "string",
        "size": 20,
        "access": "RW",
        "mandatory": "M",
        "label": "Address",
        "desc": "IPv4 or IPv6 proxy hostname or dotted address (40 chars)"
      },
      {
        "name": "Port",
        "type": "uint16",
        "size": 1,
        "access": "RW",
        "mandatory": "M",
        "label": "Port",
        "desc": "Proxy port number"
      },
      {
        "name": "User",
        "type": "string",
        "size": 12,
        "access": "RW",
        "label": "Username",
        "desc": "Proxy user name"
      },
      {
        "name": "Pw",
        "type": "string",
        "size": 12,
        "access": "RW",
        "label": "Password",
        "desc": "Proxy password"
      }
    ]
  },
  "id": 14
}