{
  "group": {
    "name": "pricing",
    "type": "group",
    "label": "Pricing",
    "desc": "Pricing Signal  ",
    "points": [
      {
        "name": "ID",
        "type": "uint16",
        "size": 1,
        "mandatory": "M",
        "static": "S",
        "label": "Model ID",
        "desc": "Model identifier",
        "value": 125
      },
      {
        "name": "L",
        "type": "uint16",
        "size": 1,
        "mandatory": "M",
        "static": "S",
        "label": "Model Length",
        "desc": "Model length"
      },
      {
        "name": "ModEna",
        "type": "bitfield16",
        "size": 1,
        "access": "RW",
        "mandatory": "M",
        "label": "ModEna",
        "desc": "Is price-based charge/discharge mode active?",
        "symbols": [
          {
            "name": "ENABLE",
            "value": 0
          }
        ]
      },
      {
        "name": "SigType",
        "type": "enum16",
        "size": 1,
        "access": "RW",
        "label": "SigType",
        "desc": "Meaning of the pricing signal. When a Price schedule is used, type must match the schedule range variable description.",
        "symbols": [
          {
            "name": "UNKNOWN",
            "value": 0,
            "desc": "Signal type is unknown or other type of  value"
          },
          {
            "name": "ABSOLUTE",
            "value": 1,
            "desc": "Signal is an absolute price value in local rate. E.g. 23 (cents/kWh)"
          },
          {
            "name": "RELATIVE",
            "value": 2,
            "desc": "Signal is a relative price in local rate. E.g. -5 (cents/kWh)"
          },
          {
            "name": "MULTIPLIER",
            "value": 3,
            "desc": "Signal is a price multiplier (percentage).  E.g. 15 % uplift in the rate"
          },
          {
            "name": "LEVEL",
            "value": 4,
            "desc": "Signal is a price level.  E.g. 0=lowest 1=low 2=normal 3=high 4=highest"
          }
        ]
      },
      {
        "name": "Sig",
        "type": "int16",
        "size": 1,
        "sf": "Sig_SF",
        "access": "RW",
        "mandatory": "M",
        "label": "Sig",
        "desc": "Utility/ESP specific pricing signal. Content depends on pricing signal type. When H/M/L type is specified. Low=0; Med=1; High=2."
      },
      {
        "name": "WinTms",
        "type": "uint16",
        "size": 1,
        "units": "Secs",
        "access": "RW",
        "label": "WinTms",
        "desc": "Time window for charge/discharge pricing change."
      },
      {
        "name": "RvtTms",
        "type": "uint16",
        "size": 1,
        "units": "Secs",
        "access": "RW",
        "label": "RvtTms",
        "desc": "Timeout period for charge/discharge pricing change."
      },
      {
        "name": "RmpTms",
        "type": "uint16",
        "size": 1,
        "units": "Secs",
        "access": "RW",
        "label": "RmpTms",
        "desc": "Ramp time for moving from current charge or discharge level to new level."
      },
      {
        "name": "Sig_SF",
        "type": "sunssf",
        "size": 1,
        "mandatory": "M",
        "label": "Sig_SF",
        "desc": "Pricing signal scale factor."
      },
      {
        "name": "Pad",
        "type": "pad",
        "size": 1
      }
    ]
  },
  "id": 125
}