{
  "group": {
    "name": "model_15",
    "type": "group",
    "label": "Interface Counters Model",
    "desc": "Interface counters",
    "points": [
      {
        "name": "ID",
        "type": "uint16",
        "size": 1,
        "mandatory": "M",
        "static": "S",
        "label": "Model ID",
        "desc": "Model identifier",
        "value": 15
      },
      {
        "name": "L",
        "type": "uint16",
        "size": 1,
        "mandatory": "M",
        "static": "S",
        "label": "Model Length",
        "desc": "Model length"
      },
      {
        "name": "Clr",
        "type": "uint16",
        "size": 1,
        "access": "RW",
        "label": "Clear",
        "desc": "Write a \"1\" to clear all counters"
      },
      {
        "name": "InCnt",
        "type": "acc32",
        "size": 2,
        "label": "Input Count",
        "desc": "Number of bytes received"
      },
      {
        "name": "InUcCnt",
        "type": "acc32",
        "size": 2,
        "label": "Input Unicast Count",
        "desc": "Number of Unicast packets received"
      },
      {
        "name": "InNUcCnt",
        "type": "acc32",
        "size": 2,
        "label": "Input Non-Unicast Count",
        "desc": "Number of non-Unicast packets received"
      },
      {
        "name": "InDscCnt",
        "type": "acc32",
        "size": 2,
        "label": "Input Discarded Count",
        "desc": "Number of inbound packets received on the interface but discarded"
      },
      {
        "name": "InErrCnt",
        "type": "acc32",
        "size": 2,
        "label": "Input Error Count",
        "desc": "Number of inbound packets that contain errors (excluding discards)"
      },
      {
        "name": "InUnkCnt",
        "type": "acc32",
        "size": 2,
        "label": "Input Unknown Count",
        "desc": "Number of inbound packets with unknown protocol"
      },
      {
        "name": "OutCnt",
        "type": "acc32",
        "size": 2,
        "label": "Output Count",
        "desc": "Total number of bytes transmitted on this interface"
      },
      {
        "name": "OutUcCnt",
        "type": "acc32",
        "size": 2,
        "label": "Output Unicast Count",
        "desc": "Number of Unicast packets transmitted"
      },
      {
        "name": "OutNUcCnt",
        "type": "acc32",
        "size": 2,
        "label": "Output Non-Unicast Count",
        "desc": "Number of Non-Unicast packets transmitted"
      },
      {
        "name": "OutDscCnt",
        "type": "acc32",
        "size": 2,
        "label": "Output Discarded Count",
        "desc": "Number of Discarded output packets"
      },
      {
        "name": "OutErrCnt",
        "type": "acc32",
        "size": 2,
        "label": "Output Error Count",
        "desc": "Number of outbound error packets"
      },
      {
        "name": "Pad",
        "type": "pad",
        "size": 1
      }
    ]
  },
  "id": 15
}