{
  "group": {
    "name": "model_17",
    "type": "group",
    "label": "Serial Interface",
    "desc": "Include this model for serial interface configuration support",
    "points": [
      {
        "name": "ID",
        "type": "uint16",
        "size": 1,
        "mandatory": "M",
        "static": "S",
        "label": "Model ID",
        "desc": "Model identifier",
        "value": 17
      },
      {
        "name": "L",
        "type": "uint16",
        "size": 1,
        "mandatory": "M",
        "static": "S",
        "label": "Model Length",
        "desc": "Model length"
      },
      {
        "name": "Nam",
        "type": "string",
        "size": 4,
        "access": "RW",
        "label": "Name",
        "desc": "Interface name (8 chars)"
      },
      {
        "name": "Rte",
        "type": "uint32",
        "size": 2,
        "units": "bps",
        "access": "RW",
        "mandatory": "M",
        "label": "Rate",
        "desc": "Interface baud rate in bits per second"
      },
      {
        "name": "Bits",
        "type": "uint16",
        "size": 1,
        "access": "RW",
        "mandatory": "M",
        "label": "Bits",
        "desc": "Number of data bits per character"
      },
      {
        "name": "Pty",
        "type": "enum16",
        "size": 1,
        "access": "RW",
        "mandatory": "M",
        "label": "Parity",
        "desc": "Bitmask value.  Parity setting",
        "symbols": [
          {
            "name": "NONE",
            "value": 0
          },
          {
            "name": "ODD",
            "value": 1
          },
          {
            "name": "EVEN",
            "value": 2
          }
        ]
      },
      {
        "name": "Dup",
        "type": "enum16",
        "size": 1,
        "access": "RW",
        "label": "Duplex",
        "desc": "Enumerated value.  Duplex mode",
        "symbols": [
          {
            "name": "FULL",
            "value": 0
          },
          {
            "name": "HALF",
            "value": 1
          }
        ]
      },
      {
        "name": "Flw",
        "type": "enum16",
        "size": 1,
        "access": "RW",
        "label": "Flow Control",
        "desc": "Flow Control Method",
        "symbols": [
          {
            "name": "NONE",
            "value": 0
          },
          {
            "name": "HW",
            "value": 1
          },
          {
            "name": "XONXOFF",
            "value": 2
          }
        ]
      },
      {
        "name": "Typ",
        "type": "enum16",
        "size": 1,
        "label": "Interface Type",
        "desc": "Enumerated value.  Interface type",
        "symbols": [
          {
            "name": "UNKNOWN",
            "value": 0
          },
          {
            "name": "RS232",
            "value": 1
          },
          {
            "name": "RS485",
            "value": 2
          }
        ]
      },
      {
        "name": "Pcol",
        "type": "enum16",
        "size": 1,
        "label": "Protocol",
        "desc": "Enumerated value. Serial protocol selection",
        "symbols": [
          {
            "name": "UNKNOWN",
            "value": 0
          },
          {
            "name": "MODBUS",
            "value": 1
          },
          {
            "name": "VENDOR",
            "value": 2
          }
        ]
      }
    ]
  },
  "id": 17
}