{
    "$schema": "http://json-schema.org/draft-07/schema#",
    "definitions": {
        "group": {
            "properties": {
                "comments": {
                    "items": {
                        "type": "string"
                    },
                    "type": "array"
                },
                "count": {
                    "default": 1,
                    "type": [
                        "integer",
                        "string"
                    ]
                },
                "desc": {
                    "type": "string"
                },
                "detail": {
                    "type": "string"
                },
                "groups": {
                    "items": {
                        "$ref": "#/definitions/group"
                    },
                    "type": "array"
                },
                "label": {
                    "type": "string"
                },
                "name": {
                    "type": "string"
                },
                "notes": {
                    "type": "string"
                },
                "points": {
                    "items": {
                        "$ref": "#/definitions/point"
                    },
                    "type": "array"
                },
                "type": {
                    "enum": [
                        "group",
                        "sync"
                    ]
                }
            },
            "required": [
                "name",
                "type"
            ],
            "type": "object"
        },
        "point": {
            "properties": {
                "access": {
                    "default": "R",
                    "enum": [
                        "R",
                        "RW"
                    ],
                    "type": "string"
                },
                "comments": {
                    "items": {
                        "type": "string"
                    },
                    "type": "array"
                },
                "count": {
                    "type": "integer"
                },
                "desc": {
                    "type": "string"
                },
                "detail": {
                    "type": "string"
                },
                "label": {
                    "type": "string"
                },
                "mandatory": {
                    "default": "O",
                    "enum": [
                        "M",
                        "O"
                    ],
                    "type": "string"
                },
                "name": {
                    "type": "string"
                },
                "notes": {
                    "type": "string"
                },
                "sf": {
                    "maximum": 10,
                    "minimum": -10,
                    "type": [
                        "integer",
                        "string"
                    ]
                },
                "size": {
                    "type": "integer"
                },
                "static": {
                    "default": "D",
                    "enum": [
                        "D",
                        "S"
                    ],
                    "type": "string"
                },
                "symbols": {
                    "items": {
                        "$ref": "#/definitions/symbol"
                    },
                    "type": "array"
                },
                "type": {
                    "enum": [
                        "int16",
                        "int32",
                        "int64",
                        "raw16",
                        "uint16",
                        "uint32",
                        "uint64",
                        "acc16",
                        "acc32",
                        "acc64",
                        "bitfield16",
                        "bitfield32",
                        "bitfield64",
                        "enum16",
                        "enum32",
                        "float32",
                        "float64",
                        "string",
                        "sf",
                        "pad",
                        "ipaddr",
                        "ipv6addr",
                        "eui48",
                        "sunssf",
                        "count"
                    ],
                    "type": "string"
                },
                "units": {
                    "type": "string"
                },
                "value": {
                    "type": [
                        "integer",
                        "string"
                    ]
                }
            },
            "required": [
                "name",
                "type",
                "size"
            ],
            "type": "object"
        },
        "symbol": {
            "properties": {
                "comments": {
                    "items": {
                        "type": "string"
                    },
                    "type": "array"
                },
                "desc": {
                    "type": "string"
                },
                "detail": {
                    "type": "string"
                },
                "label": {
                    "type": "string"
                },
                "name": {
                    "type": "string"
                },
                "notes": {
                    "type": "string"
                },
                "value": {}
            },
            "required": [
                "name",
                "value"
            ],
            "type": "object"
        }
    },
    "description": "JSON Schema for SunSpec information model definition",
    "properties": {
        "comments": {
            "items": {
                "type": "string"
            },
            "type": "array"
        },
        "desc": {
            "type": "string"
        },
        "detail": {
            "type": "string"
        },
        "group": {
            "$ref": "#/definitions/group"
        },
        "id": {
            "maximum": 65535,
            "minimum": 1,
            "type": "integer"
        },
        "label": {
            "type": "string"
        },
        "notes": {
            "type": "string"
        }
    },
    "required": [
        "id",
        "group"
    ],
    "type": "object"
}