<sunSpecModels v="1">
    <model id="64262" len="46" name="dc_generator_config">
        <block len="46">
            <point id="IsActivated" type="enum16" offset="0" access="rw">
                <symbol id="NO">0</symbol>
                <symbol id="YES">1</symbol>
            </point>
            <point id="PowerConverterSWVer" offset="1" type="uint16" sf="Version_SF" mandatory="true"/>
            <point id="PowerConverterBuild" offset="2" type="uint16" mandatory="true"/>
            <point id="GeneratorCtrlSWVer" offset="3" type="uint16" sf="Version_SF" mandatory="true"/>
            <point id="GeneratorCtrlBuild" offset="4" type="uint16" mandatory="true"/>
            <point id="DisplayCtrlSWVer" offset="5" type="uint16" sf="Version_SF" mandatory="true"/>
            <point id="DisplayCtrlBuild" offset="6" type="uint16" mandatory="true"/>
            <point id="Version_SF" offset="7" type="sunssf" mandatory="true"/>
            <point id="Pad7" offset="8" type="pad" mandatory="true"/>
            <point id="Pad8" offset="9" type="pad" mandatory="true"/>
            <point id="Pad9" offset="10" type="pad" mandatory="true"/>
            <point id="Pad10" offset="11" type="pad" mandatory="true"/>
            <point id="Pad11" offset="12" type="pad" mandatory="true"/>
            <point id="Pad12" offset="13" type="pad" mandatory="true"/>
            <point id="Pad13" offset="14" type="pad" mandatory="true"/>
            <point id="Pad14" offset="15" type="pad" mandatory="true"/>
            <point id="Pad15" offset="16" type="pad" mandatory="true"/>
            <point id="Pad16" offset="17" type="pad" mandatory="true"/>
            <point id="Pad17" offset="18" type="pad" mandatory="true"/>
            <point id="Pad18" offset="19" type="pad" mandatory="true"/>
            <point id="Pad19" offset="20" type="pad" mandatory="true"/>
            <point id="Pad20" offset="21" type="pad" mandatory="true"/>
            <point id="Pad21" offset="22" type="pad" mandatory="true"/>
            <point id="Pad22" offset="23" type="pad" mandatory="true"/>
            <point id="Pad23" offset="24" type="pad" mandatory="true"/>
            <point id="Pad24" offset="25" type="pad" mandatory="true"/>
            <point id="Pad25" offset="26" type="pad" mandatory="true"/>
            <point id="Pad26" offset="27" type="pad" mandatory="true"/>
            <point id="Pad27" offset="28" type="pad" mandatory="true"/>
            <point id="Pad28" offset="29" type="pad" mandatory="true"/>
            <point id="Pad29" offset="30" type="pad" mandatory="true"/>
            <point id="Pad30" offset="31" type="pad" mandatory="true"/>
            <point id="Pad31" offset="32" type="pad" mandatory="true"/>
            <point id="Pad32" offset="33" type="pad" mandatory="true"/>
            <point id="Pad33" offset="34" type="pad" mandatory="true"/>
            <point id="Pad34" offset="35" type="pad" mandatory="true"/>
            <point id="Pad35" offset="36" type="pad" mandatory="true"/>
            <point id="Pad36" offset="37" type="pad" mandatory="true"/>
            <point id="Pad37" offset="38" type="pad" mandatory="true"/>
            <point id="Pad38" offset="39" type="pad" mandatory="true"/>
            <point id="Pad39" offset="40" type="pad" mandatory="true"/>
            <point id="Pad40" offset="41" type="pad" mandatory="true"/>
            <point id="Pad41" offset="42" type="pad" mandatory="true"/>
            <point id="Pad42" offset="43" type="pad" mandatory="true"/>
            <point id="Pad43" offset="44" type="pad" mandatory="true"/>
            <point id="Pad44" offset="45" type="pad" mandatory="true"/>
        </block>
    </model>
    <strings id="64262" locale="en">
        <model>
            <label>DC-Coupled Generator Configuration</label>
            <description>Communicates activation status and other configuration parameters to/from the Endure DC generator.</description>
        </model>
        <point id="IsActivated">
            <label>Activation status</label>
            <description/>
            <notes>Gets or sets generator activation status</notes>
            <symbol id="NO">
                <label>Generator is not activated</label>
                <description>The generator cannot be put into Auto mode.  It has not yet passed the steps required by the activation procedure.</description>
            </symbol>
            <symbol id="YES">
                <label>Generator is activated</label>
                <description>The generator may operate in Auto mode.  This value is set from the cloud after the hardware has been registered (to an ESS and in SAP).  This value may also exist after a device has been manually activated directly when in an off-grid configuration.</description>
            </symbol>  
        </point>
        <point id="PowerConverterSWVer">
            <label>Power Converter Software Version</label>
            <description/>
            <notes/>
        </point>
        <point id="PowerConverterBuild">
            <label>Power Converter Jenkins Build Number</label>
            <description/>
            <notes/>
        </point>
        <point id="GeneratorCtrlSWVer">
            <label>Generator Controller Software Version</label>
            <description/>
            <notes/>
        </point>
        <point id="GeneratorCtrlBuild">
            <label>Generator Controller Jenkins Build Number</label>
            <description/>
            <notes/>
        </point>
        <point id="DisplayCtrlSWVer">
            <label>Display Controller Software Version</label>
            <description/>
            <notes/>
        </point>
        <point id="DisplayCtrlBuild">
            <label>Display Controller Jenkins Build Number</label>
            <description/>
            <notes/>
        </point>
    </strings>
</sunSpecModels>
