<sunSpecModels v="1">
  <!-- 64205: load SA Defaults -->
  <model id="64205" len="2" name="SA_defaults">
    <block len="2">
      <point id="SRD" offset="0" access="rw" type="enum16" mandatory="true">
        <symbol id="IEEE_1547">0</symbol>
        <symbol id="RULE_14H_1">1</symbol>
        <symbol id="RULE_14H_2">2</symbol>
        <symbol id="RULE_21">3</symbol>
        <symbol id="RULE_PREPA">4</symbol>
        <symbol id="ISONE">5</symbol>
        <symbol id="RULE_LADWP">6</symbol>
        <symbol id="RULE_PECO">7</symbol>
        <symbol id="RULE_MISO">8</symbol>
      </point>
      <point id="Def" offset="1" type="enum16" mandatory="true">
        <symbol id="NOT_DEFAULTED">0</symbol>
        <symbol id="DEFAULTED">1</symbol>
        <symbol id="UNKNOWN">2</symbol>
      </point>
    </block>
  </model>
  <strings id="64205">
    <model>
      <label>Utility Compliance Configuration</label>
      <description>Configure inverter settings based on utility requirements</description>
      <notes></notes>
    </model>
    <point id="SRD">
      <label>Compliance selection</label>
      <description>Select which utility your inverter is being installed under.</description>
      <notes>Inverter must be disabled for this selection to take effect. Different utilities require different inverter settings. This selection will define which utility settings the inverter will use. The selections will be listed with utility names and geographical locations.</notes>
    </point>
    <symbol id="IEEE_1547">
      <label>IEEE 1547 (default)</label>
      <description>'IEEE 1547' is the most common inverter compliance setting.</description>
      <notes></notes>
    </symbol>
    <symbol id="RULE_14H_1">
      <label>Hawai'i Rule 14H #1</label>
      <description>Configure for HI Rule 14H Islands of O'ahu, Maui, Hawai'i (Big Island). If your installation is not on one of these islands, do not use this selection. </description>
      <notes>For other islands contact Generac for information.</notes>
    </symbol>
    <symbol id="RULE_14H_2">
      <label>Hawai'i Rule 14H #2</label>
      <description>Configure for HI Rule 14H (Lana'i, Moloka'i)</description>
      <notes>For other islands contact Generac for information.</notes>
    </symbol>
    <symbol id="RULE_21">
      <label>California Rule 21</label>
      <description>Configure for California Rule 21 settings.</description>
      <notes></notes>
    </symbol>
    <symbol id="RULE_PREPA">
      <label>Puerto Rico PREPA</label>
      <description>Configure for Puerto Rico (PREPA) settings.</description>
      <notes></notes>
    </symbol>
    <symbol id="ISONE">
      <label>ISO New England</label>
      <description>Configure ISO New England settings.</description>
      <notes></notes>
    </symbol>
    <symbol id="RULE_LADWP">
      <label>LADWP</label>
      <description>Configure City of Los Angeles settings.</description>
      <notes></notes>
    </symbol>
    <symbol id="RULE_PECO">
      <label>PECO</label>
      <description>Configure PECO settings.</description>
      <notes></notes>
    </symbol>
    <symbol id="RULE_MISO">
      <label>MISO</label>
      <description>Configure MISO settings.</description>
      <notes></notes>
    </symbol>
    <point id="Def">
      <label>Defaulted</label>
      <description>Indicates whether or not the default settings from the Compliance Selection field have been applied.</description>
      <notes>Note that this field will only update after your press submit.</notes>
    </point>
  </strings>
</sunSpecModels>
