<sunSpecModels v="1">
  <!-- 132: Volt-Watt  -->
  <model id="132" len="64" name="volt_watt">
    <block len="10" type="fixed">
      <point id="ActCrv" offset="0" access="rw" type="uint16" len="1" mandatory="true"  />
      <point id="ModEna" offset="1" access="rw" type="bitfield16" len="1" mandatory="true">
        <symbol id="ENABLED">0</symbol>
      </point>
      <point id="WinTms" offset="2" access="rw" type="uint16" len="1" mandatory="false" units="Secs" />
      <point id="RvrtTms" offset="3" access="rw" type="uint16" len="1" mandatory="false" units="Secs" />
      <point id="RmpTms" offset="4" access="rw" type="uint16" len="1" mandatory="false" units="Secs" />
      <point id="NCrv" offset="5" access="r" type="uint16" len="1" mandatory="true"  />
      <point id="NPt" offset="6" access="r" type="uint16" len="1" mandatory="true"  />
      <point id="V_SF" offset="7" access="r" type="sunssf" len="1" mandatory="true"  />
      <point id="DeptRef_SF" offset="8" access="r" type="sunssf" len="1" mandatory="true"  />
      <point id="RmpIncDec_SF" offset="9" access="r" type="sunssf" len="1" mandatory="false"  />
    </block>
    <block len="54" type="repeating" name="curve">
      <point id="ActPt" offset="0" access="rw" type="uint16" len="1" mandatory="true"  />
      <point id="DeptRef" offset="1" access="rw" type="enum16" len="1" mandatory="true">
        <symbol id="%WMax">1</symbol>
        <symbol id="%WAval">2</symbol>
      </point>
      <point id="V1" offset="2" access="rw" type="uint16" len="1" mandatory="true" units="%VRef" sf="V_SF"/>
      <point id="W1" offset="3" access="rw" type="int16" len="1" mandatory="true" units="%DeptRef" sf="DeptRef_SF"/>
      <point id="V2" offset="4" access="rw" type="uint16" len="1" mandatory="false" units="%VRef" sf="V_SF"/>
      <point id="W2" offset="5" access="rw" type="int16" len="1" mandatory="false" units="%DeptRef" sf="DeptRef_SF"/>
      <point id="V3" offset="6" access="rw" type="uint16" len="1" mandatory="false" units="%VRef" sf="V_SF"/>
      <point id="W3" offset="7" access="rw" type="int16" len="1" mandatory="false" units="%DeptRef" sf="DeptRef_SF"/>
      <point id="V4" offset="8" access="rw" type="uint16" len="1" mandatory="false" units="%VRef" sf="V_SF"/>
      <point id="W4" offset="9" access="rw" type="int16" len="1" mandatory="false" units="%DeptRef" sf="DeptRef_SF"/>
      <point id="V5" offset="10" access="rw" type="uint16" len="1" mandatory="false" units="%VRef" sf="V_SF"/>
      <point id="W5" offset="11" access="rw" type="int16" len="1" mandatory="false" units="%DeptRef" sf="DeptRef_SF"/>
      <point id="V6" offset="12" access="rw" type="uint16" len="1" mandatory="false" units="%VRef" sf="V_SF"/>
      <point id="W6" offset="13" access="rw" type="int16" len="1" mandatory="false" units="%DeptRef" sf="DeptRef_SF"/>
      <point id="V7" offset="14" access="rw" type="uint16" len="1" mandatory="false" units="%VRef" sf="V_SF"/>
      <point id="W7" offset="15" access="rw" type="int16" len="1" mandatory="false" units="%DeptRef" sf="DeptRef_SF"/>
      <point id="V8" offset="16" access="rw" type="uint16" len="1" mandatory="false" units="%VRef" sf="V_SF"/>
      <point id="W8" offset="17" access="rw" type="int16" len="1" mandatory="false" units="%DeptRef" sf="DeptRef_SF"/>
      <point id="V9" offset="18" access="rw" type="uint16" len="1" mandatory="false" units="%VRef" sf="V_SF"/>
      <point id="W9" offset="19" access="rw" type="int16" len="1" mandatory="false" units="%DeptRef" sf="DeptRef_SF"/>
      <point id="V10" offset="20" access="rw" type="uint16" len="1" mandatory="false" units="%VRef" sf="V_SF"/>
      <point id="W10" offset="21" access="rw" type="int16" len="1" mandatory="false" units="%DeptRef" sf="DeptRef_SF"/>
      <point id="V11" offset="22" access="rw" type="uint16" len="1" mandatory="false" units="%VRef" sf="V_SF"/>
      <point id="W11" offset="23" access="rw" type="int16" len="1" mandatory="false" units="%DeptRef" sf="DeptRef_SF"/>
      <point id="V12" offset="24" access="rw" type="uint16" len="1" mandatory="false" units="%VRef" sf="V_SF"/>
      <point id="W12" offset="25" access="rw" type="int16" len="1" mandatory="false" units="%DeptRef" sf="DeptRef_SF"/>
      <point id="V13" offset="26" access="rw" type="uint16" len="1" mandatory="false" units="%VRef" sf="V_SF"/>
      <point id="W13" offset="27" access="rw" type="int16" len="1" mandatory="false" units="%DeptRef" sf="DeptRef_SF"/>
      <point id="V14" offset="28" access="rw" type="uint16" len="1" mandatory="false" units="%VRef" sf="V_SF"/>
      <point id="W14" offset="29" access="rw" type="int16" len="1" mandatory="false" units="%DeptRef" sf="DeptRef_SF"/>
      <point id="V15" offset="30" access="rw" type="uint16" len="1" mandatory="false" units="%VRef" sf="V_SF"/>
      <point id="W15" offset="31" access="rw" type="int16" len="1" mandatory="false" units="%DeptRef" sf="DeptRef_SF"/>
      <point id="V16" offset="32" access="rw" type="uint16" len="1" mandatory="false" units="%VRef" sf="V_SF"/>
      <point id="W16" offset="33" access="rw" type="int16" len="1" mandatory="false" units="%DeptRef" sf="DeptRef_SF"/>
      <point id="V17" offset="34" access="rw" type="uint16" len="1" mandatory="false" units="%VRef" sf="V_SF"/>
      <point id="W17" offset="35" access="rw" type="int16" len="1" mandatory="false" units="%DeptRef" sf="DeptRef_SF"/>
      <point id="V18" offset="36" access="rw" type="uint16" len="1" mandatory="false" units="%VRef" sf="V_SF"/>
      <point id="W18" offset="37" access="rw" type="int16" len="1" mandatory="false" units="%DeptRef" sf="DeptRef_SF"/>
      <point id="V19" offset="38" access="rw" type="uint16" len="1" mandatory="false" units="%VRef" sf="V_SF"/>
      <point id="W19" offset="39" access="rw" type="int16" len="1" mandatory="false" units="%DeptRef" sf="DeptRef_SF"/>
      <point id="V20" offset="40" access="rw" type="uint16" len="1" mandatory="false" units="%VRef" sf="V_SF"/>
      <point id="W20" offset="41" access="rw" type="int16" len="1" mandatory="false" units="%DeptRef" sf="DeptRef_SF"/>
      <point id="CrvNam" offset="42" access="rw" type="string" len="8" mandatory="false"  />
      <point id="RmpPt1Tms" offset="50" access="rw" type="uint16" len="1" mandatory="false" units="Secs" />
      <point id="RmpDecTmm" offset="51" access="rw" type="uint16" len="1" mandatory="false" units="%WMax/min" sf="RmpIncDec_SF"/>
      <point id="RmpIncTmm" offset="52" access="rw" type="uint16" len="1" mandatory="false" units="%WMax/min" sf="RmpIncDec_SF"/>
      <point id="ReadOnly" offset="53" access="r" type="enum16" len="1" mandatory="true" >
        <symbol id="READWRITE">0</symbol>
        <symbol id="READONLY">1</symbol>
      </point>
    </block>
  </model>
  <strings id="132" locale="en">
    <model>
      <label>Volt-Watt</label>
      <description>Volt-Watt </description>
      <notes>Ref 3: 8.12.1.2</notes>
    </model>
    <point id="NCrv">
      <label>NCrv</label>
      <description>Number of curves supported (recommend min. 4)</description>
      <notes> </notes>
    </point>
    <point id="NPt">
      <label>NPt</label>
      <description>Number of points in array (maximum 20)</description>
      <notes> </notes>
    </point>
    <point id="ModEna">
      <label>ModEna</label>
      <description>Is Volt-Watt control active</description>
      <notes> </notes>
    </point>
    <point id="ActCrv">
      <label>ActCrv</label>
      <description>Index of active curve. 0 = no active curve</description>
      <notes> </notes>
    </point>
    <point id="WinTms">
      <label>WinTms</label>
      <description>Time window for volt-watt change</description>
      <notes> </notes>
    </point>
    <point id="RvrtTms">
      <label>RvrtTms</label>
      <description>Timeout period for volt-watt curve selection</description>
      <notes> </notes>
    </point>
    <point id="RmpTms">
      <label>RmpTms</label>
      <description>Ramp time for moving from current mode to new mode</description>
      <notes> </notes>
    </point>
    <point id="V_SF">
      <label>V_SF</label>
      <description>Scale factor for percent VRef</description>
      <notes> </notes>
    </point>
    <point id="DeptRef_SF">
      <label>DeptRef_SF</label>
      <description>Scale factor for %DeptRef</description>
      <notes> </notes>
    </point>
    <point id="RmpIncDec_SF">
      <label>RmpIncDec_SF</label>
      <description>Scale factor for increment and decrement ramps</description>
      <notes> </notes>
    </point>
    <point id="CrvNam">
      <label>CrvNam</label>
      <description>Optional description for curve</description>
      <notes> </notes>
    </point>
    <point id="ActPt">
      <label>ActPt</label>
      <description>Number of active points in array</description>
      <notes> </notes>
    </point>
    <point id="DeptRef">
      <label>DeptRef</label>
      <description>Meaning of dependent variable: 1=%WMax 2=%WAvail</description>
      <notes> </notes>
    </point>
    <point id="DeptRef_SF">
      <label>DeptRef_SF</label>
      <description>Scale Factor for %DeptRef</description>
      <notes> </notes>
    </point>
    <point id="RmpPt1Tms">
      <label>RmpPt1Tms</label>
      <description>The time of the PT1 in seconds (time to accomplish a change of 95%)</description>
      <notes> </notes>
    </point>
    <point id="RmpDecTmm">
      <label>RmpDecTmm</label>
      <description>The maximum rate at which the watt value may be reduced in response to changes in the voltage value</description>
      <notes> </notes>
    </point>
    <point id="RmpIncTmm">
      <label>RmpIncTmm</label>
      <description>The maximum rate at which the watt value may be increased in response to changes in the voltage value</description>
      <notes> </notes>
    </point>
    <point id="V1">
      <label>V1</label>
      <description>Point 1 Volts</description>
      <notes> </notes>
    </point>
    <point id="W1">
      <label>W1</label>
      <description>Point 1 Watts</description>
      <notes> </notes>
    </point>
    <point id="V2">
      <label>V2</label>
      <description>Point 2 Volts</description>
      <notes> </notes>
    </point>
    <point id="W2">
      <label>W2</label>
      <description>Point 2 Watts</description>
      <notes> </notes>
    </point>
    <point id="V3">
      <label>V3</label>
      <description>Point 3 Volts</description>
      <notes> </notes>
    </point>
    <point id="W3">
      <label>W3</label>
      <description>Point 3 Watts</description>
      <notes> </notes>
    </point>
    <point id="V4">
      <label>V4</label>
      <description>Point 4 Volts</description>
      <notes> </notes>
    </point>
    <point id="W4">
      <label>W4</label>
      <description>Point 4 Watts</description>
      <notes> </notes>
    </point>
    <point id="V5">
      <label>V5</label>
      <description>Point 5 Volts</description>
      <notes> </notes>
    </point>
    <point id="W5">
      <label>W5</label>
      <description>Point 5 Watts</description>
      <notes> </notes>
    </point>
    <point id="V6">
      <label>V6</label>
      <description>Point 6 Volts</description>
      <notes> </notes>
    </point>
    <point id="W6">
      <label>W6</label>
      <description>Point 6 Watts</description>
      <notes> </notes>
    </point>
    <point id="V7">
      <label>V7</label>
      <description>Point 7 Volts</description>
      <notes> </notes>
    </point>
    <point id="W7">
      <label>W7</label>
      <description>Point 7 Watts</description>
      <notes> </notes>
    </point>
    <point id="V8">
      <label>V8</label>
      <description>Point 8 Volts</description>
      <notes> </notes>
    </point>
    <point id="W8">
      <label>W8</label>
      <description>Point 8 Watts</description>
      <notes> </notes>
    </point>
    <point id="V9">
      <label>V9</label>
      <description>Point 9 Volts</description>
      <notes> </notes>
    </point>
    <point id="W9">
      <label>W9</label>
      <description>Point 9 Watts</description>
      <notes> </notes>
    </point>
    <point id="V10">
      <label>V10</label>
      <description>Point 10 Volts</description>
      <notes> </notes>
    </point>
    <point id="W10">
      <label>W10</label>
      <description>Point 10 Watts</description>
      <notes> </notes>
    </point>
    <point id="V11">
      <label>V11</label>
      <description>Point 11 Volts</description>
      <notes> </notes>
    </point>
    <point id="W11">
      <label>W11</label>
      <description>Point 11 Watts</description>
      <notes> </notes>
    </point>
    <point id="V12">
      <label>V12</label>
      <description>Point 12 Volts</description>
      <notes> </notes>
    </point>
    <point id="W12">
      <label>W12</label>
      <description>Point 12 Watts</description>
      <notes> </notes>
    </point>
    <point id="V13">
      <label>V13</label>
      <description>Point 13 Volts</description>
      <notes> </notes>
    </point>
    <point id="W13">
      <label>W13</label>
      <description>Point 13 Watts</description>
      <notes> </notes>
    </point>
    <point id="V14">
      <label>V14</label>
      <description>Point 14 Volts</description>
      <notes> </notes>
    </point>
    <point id="W14">
      <label>W14</label>
      <description>Point 14 Watts</description>
      <notes> </notes>
    </point>
    <point id="V15">
      <label>V15</label>
      <description>Point 15 Volts</description>
      <notes> </notes>
    </point>
    <point id="W15">
      <label>W15</label>
      <description>Point 15 Watts</description>
      <notes> </notes>
    </point>
    <point id="V16">
      <label>V16</label>
      <description>Point 16 Volts</description>
      <notes> </notes>
    </point>
    <point id="W16">
      <label>W16</label>
      <description>Point 16 Watts</description>
      <notes> </notes>
    </point>
    <point id="V17">
      <label>V17</label>
      <description>Point 17 Volts</description>
      <notes> </notes>
    </point>
    <point id="W17">
      <label>W17</label>
      <description>Point 17 Watts</description>
      <notes> </notes>
    </point>
    <point id="V18">
      <label>V18</label>
      <description>Point 18 Volts</description>
      <notes> </notes>
    </point>
    <point id="W18">
      <label>W18</label>
      <description>Point 18 Watts</description>
      <notes> </notes>
    </point>
    <point id="V19">
      <label>V19</label>
      <description>Point 19 Volts</description>
      <notes> </notes>
    </point>
    <point id="W19">
      <label>W19</label>
      <description>Point 19 Watts</description>
      <notes> </notes>
    </point>
    <point id="V20">
      <label>V20</label>
      <description>Point 20 Volts</description>
      <notes> </notes>
    </point>
    <point id="W20">
      <label>W20</label>
      <description>Point 20 Watts</description>
      <notes> </notes>
    </point>
    <point id="ReadOnly">
      <label>ReadOnly</label>
      <description>Enumerated value indicates if curve is read-only or can be modified</description>
      <notes> </notes>
    </point>
  </strings>
</sunSpecModels>
